-- IPMD — ARCHIVE etudiants 2023-2024 (annuaire historique, sans email -> placeholder, acces bloque, sans finance)
-- A coller dans Supabase > SQL Editor. Idempotent. Comptes inactifs (archive).

insert into auth.users (instance_id,id,aud,role,email,encrypted_password,email_confirmed_at,raw_app_meta_data,raw_user_meta_data,created_at,updated_at,confirmation_token,email_change,email_change_token_new,recovery_token) values
('00000000-0000-0000-0000-000000000000','452a16ea-503d-542d-8b71-26acebc01349','authenticated','authenticated','cisse.salimata.schayine.1@archive2324.ipmd.local',crypt('Archive2324!',gen_salt('bf')),now(),'{"provider":"email","providers":["email"]}','{}',now(),now(),'','','',''),
('00000000-0000-0000-0000-000000000000','0cdee8e8-ff29-5b78-8c7b-481c749900f1','authenticated','authenticated','ahoussi.christ.david.2@archive2324.ipmd.local',crypt('Archive2324!',gen_salt('bf')),now(),'{"provider":"email","providers":["email"]}','{}',now(),now(),'','','',''),
('00000000-0000-0000-0000-000000000000','c6799e87-bd23-54b4-bd30-fd427a9a193f','authenticated','authenticated','sery.yoro.baruc.jotham.3@archive2324.ipmd.local',crypt('Archive2324!',gen_salt('bf')),now(),'{"provider":"email","providers":["email"]}','{}',now(),now(),'','','',''),
('00000000-0000-0000-0000-000000000000','af5f6a99-1802-512d-86db-5d55b0623a45','authenticated','authenticated','toe.alex.rayan.zenon.4@archive2324.ipmd.local',crypt('Archive2324!',gen_salt('bf')),now(),'{"provider":"email","providers":["email"]}','{}',now(),now(),'','','',''),
('00000000-0000-0000-0000-000000000000','c5698af5-0277-5126-9c94-cddd1a0d3295','authenticated','authenticated','chooh.christ.junior.5@archive2324.ipmd.local',crypt('Archive2324!',gen_salt('bf')),now(),'{"provider":"email","providers":["email"]}','{}',now(),now(),'','','',''),
('00000000-0000-0000-0000-000000000000','23c14b7a-be4e-50e8-9b08-6d45ebd84e01','authenticated','authenticated','nacouban.coulibaly.marie.r.a.6@archive2324.ipmd.local',crypt('Archive2324!',gen_salt('bf')),now(),'{"provider":"email","providers":["email"]}','{}',now(),now(),'','','',''),
('00000000-0000-0000-0000-000000000000','283275b3-a83d-5ac1-81c5-0da842e39987','authenticated','authenticated','yeo.klotioleiman.nargata.m.e.7@archive2324.ipmd.local',crypt('Archive2324!',gen_salt('bf')),now(),'{"provider":"email","providers":["email"]}','{}',now(),now(),'','','',''),
('00000000-0000-0000-0000-000000000000','69065f50-7ea3-549a-a2fc-e522efe97089','authenticated','authenticated','soho.iris.sylvia.8@archive2324.ipmd.local',crypt('Archive2324!',gen_salt('bf')),now(),'{"provider":"email","providers":["email"]}','{}',now(),now(),'','','',''),
('00000000-0000-0000-0000-000000000000','564375d1-27cc-5c8f-9a49-2a44b052c383','authenticated','authenticated','seyo.gosseman.sarah.malika.9@archive2324.ipmd.local',crypt('Archive2324!',gen_salt('bf')),now(),'{"provider":"email","providers":["email"]}','{}',now(),now(),'','','',''),
('00000000-0000-0000-0000-000000000000','1a2e76e7-31c4-550c-9721-014eff64432a','authenticated','authenticated','bailly.emmanuel.aymeric.10@archive2324.ipmd.local',crypt('Archive2324!',gen_salt('bf')),now(),'{"provider":"email","providers":["email"]}','{}',now(),now(),'','','',''),
('00000000-0000-0000-0000-000000000000','5c1c1e97-e1fe-518e-913f-6062039517e1','authenticated','authenticated','kossonou.koko.sarah.e.b.11@archive2324.ipmd.local',crypt('Archive2324!',gen_salt('bf')),now(),'{"provider":"email","providers":["email"]}','{}',now(),now(),'','','',''),
('00000000-0000-0000-0000-000000000000','7fa57983-de20-5164-be2d-611e75ce3c76','authenticated','authenticated','adoum.idriss.issakh.12@archive2324.ipmd.local',crypt('Archive2324!',gen_salt('bf')),now(),'{"provider":"email","providers":["email"]}','{}',now(),now(),'','','',''),
('00000000-0000-0000-0000-000000000000','cded35da-48ed-5533-acca-34433af2afc4','authenticated','authenticated','adou.levi.emmanuel.13@archive2324.ipmd.local',crypt('Archive2324!',gen_salt('bf')),now(),'{"provider":"email","providers":["email"]}','{}',now(),now(),'','','',''),
('00000000-0000-0000-0000-000000000000','582e4cd4-11cf-54fd-8f18-6055d3b19240','authenticated','authenticated','tahe.clark.emmanuel.j.l.14@archive2324.ipmd.local',crypt('Archive2324!',gen_salt('bf')),now(),'{"provider":"email","providers":["email"]}','{}',now(),now(),'','','',''),
('00000000-0000-0000-0000-000000000000','b2249f10-5442-5337-bcf4-3560bfd3e89c','authenticated','authenticated','koffi.aya.sarah.eunice.15@archive2324.ipmd.local',crypt('Archive2324!',gen_salt('bf')),now(),'{"provider":"email","providers":["email"]}','{}',now(),now(),'','','',''),
('00000000-0000-0000-0000-000000000000','8888fa79-17ad-56f6-af01-8d085cead1b1','authenticated','authenticated','haidara.yann.david.mustapha.16@archive2324.ipmd.local',crypt('Archive2324!',gen_salt('bf')),now(),'{"provider":"email","providers":["email"]}','{}',now(),now(),'','','',''),
('00000000-0000-0000-0000-000000000000','a91263d9-d88b-5c46-b8c8-b0c286bb613f','authenticated','authenticated','degbe.couessan.beni.esli.17@archive2324.ipmd.local',crypt('Archive2324!',gen_salt('bf')),now(),'{"provider":"email","providers":["email"]}','{}',now(),now(),'','','',''),
('00000000-0000-0000-0000-000000000000','43037d17-8cee-5adc-9ba9-55e58b63f512','authenticated','authenticated','silue.kolo.abraham.18@archive2324.ipmd.local',crypt('Archive2324!',gen_salt('bf')),now(),'{"provider":"email","providers":["email"]}','{}',now(),now(),'','','',''),
('00000000-0000-0000-0000-000000000000','4f5d2140-f730-50ba-a159-6418e8e4ac91','authenticated','authenticated','ba.amadou.19@archive2324.ipmd.local',crypt('Archive2324!',gen_salt('bf')),now(),'{"provider":"email","providers":["email"]}','{}',now(),now(),'','','',''),
('00000000-0000-0000-0000-000000000000','d64be2b8-1935-5877-92f4-3bdf09e3ef21','authenticated','authenticated','kouame.prince.20@archive2324.ipmd.local',crypt('Archive2324!',gen_salt('bf')),now(),'{"provider":"email","providers":["email"]}','{}',now(),now(),'','','',''),
('00000000-0000-0000-0000-000000000000','e5a0c18c-2e0f-5261-863a-3ae8a7cdc3a8','authenticated','authenticated','kipre.guede.johann.21@archive2324.ipmd.local',crypt('Archive2324!',gen_salt('bf')),now(),'{"provider":"email","providers":["email"]}','{}',now(),now(),'','','',''),
('00000000-0000-0000-0000-000000000000','cfd5e2cb-af1e-5a8e-b47a-5894dd59d440','authenticated','authenticated','ake.delhor.22@archive2324.ipmd.local',crypt('Archive2324!',gen_salt('bf')),now(),'{"provider":"email","providers":["email"]}','{}',now(),now(),'','','',''),
('00000000-0000-0000-0000-000000000000','61fabe91-0850-511b-96bd-52b0365f862c','authenticated','authenticated','alla.emmanuel.23@archive2324.ipmd.local',crypt('Archive2324!',gen_salt('bf')),now(),'{"provider":"email","providers":["email"]}','{}',now(),now(),'','','',''),
('00000000-0000-0000-0000-000000000000','533a98e2-623b-51a5-b430-d5963bed8abb','authenticated','authenticated','adou.yed.khalil.24@archive2324.ipmd.local',crypt('Archive2324!',gen_salt('bf')),now(),'{"provider":"email","providers":["email"]}','{}',now(),now(),'','','',''),
('00000000-0000-0000-0000-000000000000','a223ed5c-3cb5-5a26-bee6-0e8281b3d74e','authenticated','authenticated','aka.othniel.25@archive2324.ipmd.local',crypt('Archive2324!',gen_salt('bf')),now(),'{"provider":"email","providers":["email"]}','{}',now(),now(),'','','',''),
('00000000-0000-0000-0000-000000000000','515fc85d-3ee7-5a92-a5f7-54bd016b3943','authenticated','authenticated','gotiene.andreas.auxence.26@archive2324.ipmd.local',crypt('Archive2324!',gen_salt('bf')),now(),'{"provider":"email","providers":["email"]}','{}',now(),now(),'','','',''),
('00000000-0000-0000-0000-000000000000','e43af24e-25c5-5fbc-ad34-023de0c8f899','authenticated','authenticated','doh.franck.edgard.alley.27@archive2324.ipmd.local',crypt('Archive2324!',gen_salt('bf')),now(),'{"provider":"email","providers":["email"]}','{}',now(),now(),'','','',''),
('00000000-0000-0000-0000-000000000000','238a2ce9-7155-5397-9ff1-d565ad5966a5','authenticated','authenticated','kadjo.kablan.charles.emmanuel.28@archive2324.ipmd.local',crypt('Archive2324!',gen_salt('bf')),now(),'{"provider":"email","providers":["email"]}','{}',now(),now(),'','','',''),
('00000000-0000-0000-0000-000000000000','7f055a2c-544e-55ae-9895-1c7cdf8b4ca1','authenticated','authenticated','assande.yavo.elias.29@archive2324.ipmd.local',crypt('Archive2324!',gen_salt('bf')),now(),'{"provider":"email","providers":["email"]}','{}',now(),now(),'','','',''),
('00000000-0000-0000-0000-000000000000','16e69855-a0b2-5800-9ec9-381867073985','authenticated','authenticated','ouattara.akounda.zeinab.mariam.30@archive2324.ipmd.local',crypt('Archive2324!',gen_salt('bf')),now(),'{"provider":"email","providers":["email"]}','{}',now(),now(),'','','',''),
('00000000-0000-0000-0000-000000000000','4f213fc4-0a88-5a4e-9ed3-2d0bf8178e6e','authenticated','authenticated','adou.sheick.ibraheem.31@archive2324.ipmd.local',crypt('Archive2324!',gen_salt('bf')),now(),'{"provider":"email","providers":["email"]}','{}',now(),now(),'','','',''),
('00000000-0000-0000-0000-000000000000','53920843-c39e-5f6c-acaf-15ad70974d30','authenticated','authenticated','camara.eli.abraham.32@archive2324.ipmd.local',crypt('Archive2324!',gen_salt('bf')),now(),'{"provider":"email","providers":["email"]}','{}',now(),now(),'','','','')
on conflict (id) do nothing;

insert into public.profiles (id,email,full_name,role) values ('452a16ea-503d-542d-8b71-26acebc01349','cisse.salimata.schayine.1@archive2324.ipmd.local','Cisse Salimata Schayine','etudiant') on conflict (id) do update set full_name=excluded.full_name;
insert into public.profiles (id,email,full_name,role) values ('0cdee8e8-ff29-5b78-8c7b-481c749900f1','ahoussi.christ.david.2@archive2324.ipmd.local','Ahoussi Christ David','etudiant') on conflict (id) do update set full_name=excluded.full_name;
insert into public.profiles (id,email,full_name,role) values ('c6799e87-bd23-54b4-bd30-fd427a9a193f','sery.yoro.baruc.jotham.3@archive2324.ipmd.local','Sery Yoro Baruc Jotham','etudiant') on conflict (id) do update set full_name=excluded.full_name;
insert into public.profiles (id,email,full_name,role) values ('af5f6a99-1802-512d-86db-5d55b0623a45','toe.alex.rayan.zenon.4@archive2324.ipmd.local','Toe Alex Rayan Zenon','etudiant') on conflict (id) do update set full_name=excluded.full_name;
insert into public.profiles (id,email,full_name,role) values ('c5698af5-0277-5126-9c94-cddd1a0d3295','chooh.christ.junior.5@archive2324.ipmd.local','Chooh Christ Junior','etudiant') on conflict (id) do update set full_name=excluded.full_name;
insert into public.profiles (id,email,full_name,role) values ('23c14b7a-be4e-50e8-9b08-6d45ebd84e01','nacouban.coulibaly.marie.r.a.6@archive2324.ipmd.local','Nacouban Coulibaly Marie R.A','etudiant') on conflict (id) do update set full_name=excluded.full_name;
insert into public.profiles (id,email,full_name,role) values ('283275b3-a83d-5ac1-81c5-0da842e39987','yeo.klotioleiman.nargata.m.e.7@archive2324.ipmd.local','Yeo Klotioleiman Nargata M.E','etudiant') on conflict (id) do update set full_name=excluded.full_name;
insert into public.profiles (id,email,full_name,role) values ('69065f50-7ea3-549a-a2fc-e522efe97089','soho.iris.sylvia.8@archive2324.ipmd.local','Soho Iris Sylvia','etudiant') on conflict (id) do update set full_name=excluded.full_name;
insert into public.profiles (id,email,full_name,role) values ('564375d1-27cc-5c8f-9a49-2a44b052c383','seyo.gosseman.sarah.malika.9@archive2324.ipmd.local','Seyo Gosseman Sarah Malika','etudiant') on conflict (id) do update set full_name=excluded.full_name;
insert into public.profiles (id,email,full_name,role) values ('1a2e76e7-31c4-550c-9721-014eff64432a','bailly.emmanuel.aymeric.10@archive2324.ipmd.local','Bailly Emmanuel Aymeric','etudiant') on conflict (id) do update set full_name=excluded.full_name;
insert into public.profiles (id,email,full_name,role) values ('5c1c1e97-e1fe-518e-913f-6062039517e1','kossonou.koko.sarah.e.b.11@archive2324.ipmd.local','Kossonou Koko Sarah E B','etudiant') on conflict (id) do update set full_name=excluded.full_name;
insert into public.profiles (id,email,full_name,role) values ('7fa57983-de20-5164-be2d-611e75ce3c76','adoum.idriss.issakh.12@archive2324.ipmd.local','Adoum Idriss Issakh','etudiant') on conflict (id) do update set full_name=excluded.full_name;
insert into public.profiles (id,email,full_name,role) values ('cded35da-48ed-5533-acca-34433af2afc4','adou.levi.emmanuel.13@archive2324.ipmd.local','Adou Levi Emmanuel','etudiant') on conflict (id) do update set full_name=excluded.full_name;
insert into public.profiles (id,email,full_name,role) values ('582e4cd4-11cf-54fd-8f18-6055d3b19240','tahe.clark.emmanuel.j.l.14@archive2324.ipmd.local','Tahe Clark Emmanuel J-L','etudiant') on conflict (id) do update set full_name=excluded.full_name;
insert into public.profiles (id,email,full_name,role) values ('b2249f10-5442-5337-bcf4-3560bfd3e89c','koffi.aya.sarah.eunice.15@archive2324.ipmd.local','Koffi Aya Sarah Eunice','etudiant') on conflict (id) do update set full_name=excluded.full_name;
insert into public.profiles (id,email,full_name,role) values ('8888fa79-17ad-56f6-af01-8d085cead1b1','haidara.yann.david.mustapha.16@archive2324.ipmd.local','Haidara Yann David Mustapha','etudiant') on conflict (id) do update set full_name=excluded.full_name;
insert into public.profiles (id,email,full_name,role) values ('a91263d9-d88b-5c46-b8c8-b0c286bb613f','degbe.couessan.beni.esli.17@archive2324.ipmd.local','Degbe Couessan Beni Esli','etudiant') on conflict (id) do update set full_name=excluded.full_name;
insert into public.profiles (id,email,full_name,role) values ('43037d17-8cee-5adc-9ba9-55e58b63f512','silue.kolo.abraham.18@archive2324.ipmd.local','Silue Kolo Abraham','etudiant') on conflict (id) do update set full_name=excluded.full_name;
insert into public.profiles (id,email,full_name,role) values ('4f5d2140-f730-50ba-a159-6418e8e4ac91','ba.amadou.19@archive2324.ipmd.local','Ba Amadou','etudiant') on conflict (id) do update set full_name=excluded.full_name;
insert into public.profiles (id,email,full_name,role) values ('d64be2b8-1935-5877-92f4-3bdf09e3ef21','kouame.prince.20@archive2324.ipmd.local','Kouame Prince','etudiant') on conflict (id) do update set full_name=excluded.full_name;
insert into public.profiles (id,email,full_name,role) values ('e5a0c18c-2e0f-5261-863a-3ae8a7cdc3a8','kipre.guede.johann.21@archive2324.ipmd.local','Kipre Guede Johann','etudiant') on conflict (id) do update set full_name=excluded.full_name;
insert into public.profiles (id,email,full_name,role) values ('cfd5e2cb-af1e-5a8e-b47a-5894dd59d440','ake.delhor.22@archive2324.ipmd.local','Ake Delhor','etudiant') on conflict (id) do update set full_name=excluded.full_name;
insert into public.profiles (id,email,full_name,role) values ('61fabe91-0850-511b-96bd-52b0365f862c','alla.emmanuel.23@archive2324.ipmd.local','Alla Emmanuel','etudiant') on conflict (id) do update set full_name=excluded.full_name;
insert into public.profiles (id,email,full_name,role) values ('533a98e2-623b-51a5-b430-d5963bed8abb','adou.yed.khalil.24@archive2324.ipmd.local','Adou Yed Khalil','etudiant') on conflict (id) do update set full_name=excluded.full_name;
insert into public.profiles (id,email,full_name,role) values ('a223ed5c-3cb5-5a26-bee6-0e8281b3d74e','aka.othniel.25@archive2324.ipmd.local','Aka Othniel','etudiant') on conflict (id) do update set full_name=excluded.full_name;
insert into public.profiles (id,email,full_name,role) values ('515fc85d-3ee7-5a92-a5f7-54bd016b3943','gotiene.andreas.auxence.26@archive2324.ipmd.local','Gotiene Andreas Auxence','etudiant') on conflict (id) do update set full_name=excluded.full_name;
insert into public.profiles (id,email,full_name,role) values ('e43af24e-25c5-5fbc-ad34-023de0c8f899','doh.franck.edgard.alley.27@archive2324.ipmd.local','Doh Franck Edgard Alley','etudiant') on conflict (id) do update set full_name=excluded.full_name;
insert into public.profiles (id,email,full_name,role) values ('238a2ce9-7155-5397-9ff1-d565ad5966a5','kadjo.kablan.charles.emmanuel.28@archive2324.ipmd.local','Kadjo Kablan Charles Emmanuel','etudiant') on conflict (id) do update set full_name=excluded.full_name;
insert into public.profiles (id,email,full_name,role) values ('7f055a2c-544e-55ae-9895-1c7cdf8b4ca1','assande.yavo.elias.29@archive2324.ipmd.local','Assande Yavo Elias','etudiant') on conflict (id) do update set full_name=excluded.full_name;
insert into public.profiles (id,email,full_name,role) values ('16e69855-a0b2-5800-9ec9-381867073985','ouattara.akounda.zeinab.mariam.30@archive2324.ipmd.local','Ouattara Akounda Zeïnab Mariam','etudiant') on conflict (id) do update set full_name=excluded.full_name;
insert into public.profiles (id,email,full_name,role) values ('4f213fc4-0a88-5a4e-9ed3-2d0bf8178e6e','adou.sheick.ibraheem.31@archive2324.ipmd.local','Adou Sheick Ibraheem','etudiant') on conflict (id) do update set full_name=excluded.full_name;
insert into public.profiles (id,email,full_name,role) values ('53920843-c39e-5f6c-acaf-15ad70974d30','camara.eli.abraham.32@archive2324.ipmd.local','Camara Eli Abraham','etudiant') on conflict (id) do update set full_name=excluded.full_name;

insert into public.classes (id,name,level,academic_year,intake,class_type) values ('e774bb27-800b-52d1-8c18-ab99d3f859f8','Licence 1 Marketing Digital — 2023-2024','Licence 1','2023-2024','2023-2024','initial') on conflict (id) do update set name=excluded.name;
insert into public.classes (id,name,level,academic_year,intake,class_type) values ('bf130bae-a900-5612-b73e-ae2eea9d3886','Licence 1 Graphisme Et Design — 2023-2024','Licence 1','2023-2024','2023-2024','initial') on conflict (id) do update set name=excluded.name;
insert into public.classes (id,name,level,academic_year,intake,class_type) values ('63b65e98-cd6a-5f42-96c8-ea4042a9ee55','Licence 1 Communication Digitale — 2023-2024','Licence 1','2023-2024','2023-2024','initial') on conflict (id) do update set name=excluded.name;
insert into public.classes (id,name,level,academic_year,intake,class_type) values ('a00f6bdc-037f-5a4a-9b99-03d4620f7986','Licence 1 Informatique Et Intelligence Artificielle — 2023-2024','Licence 1','2023-2024','2023-2024','initial') on conflict (id) do update set name=excluded.name;
insert into public.classes (id,name,level,academic_year,intake,class_type) values ('05e68aee-8457-5d86-96b5-98fd851ea8e6','Licence 2 Informatique Et Intelligence Artificielle — 2023-2024','Licence 2','2023-2024','2023-2024','initial') on conflict (id) do update set name=excluded.name;
insert into public.classes (id,name,level,academic_year,intake,class_type) values ('b3b110fd-38e2-5da7-a634-2d2a8a4e36ce','Licence 2 Marketing Digital — 2023-2024','Licence 2','2023-2024','2023-2024','initial') on conflict (id) do update set name=excluded.name;
insert into public.classes (id,name,level,academic_year,intake,class_type) values ('4a04c6a9-ba73-59bc-9629-f81fab769fc8','Licence 2 Communication Digitale — 2023-2024','Licence 2','2023-2024','2023-2024','initial') on conflict (id) do update set name=excluded.name;
insert into public.classes (id,name,level,academic_year,intake,class_type) values ('6a06d9e6-2a6c-5142-a684-a3f845f71752','Licence 3 Marketing Digital — 2023-2024','Licence 3','2023-2024','2023-2024','initial') on conflict (id) do update set name=excluded.name;
insert into public.classes (id,name,level,academic_year,intake,class_type) values ('7f9bbe71-cce8-5384-a544-7b7353e79f24','Licence 3 Comptabilite Et Finance Digitale — 2023-2024','Licence 3','2023-2024','2023-2024','initial') on conflict (id) do update set name=excluded.name;
insert into public.classes (id,name,level,academic_year,intake,class_type) values ('4a82c66e-2c6f-54e9-ba48-628dce0126e6','Licence 3 Communication Digitale — 2023-2024','Licence 3','2023-2024','2023-2024','initial') on conflict (id) do update set name=excluded.name;
insert into public.classes (id,name,level,academic_year,intake,class_type) values ('8960af13-aff7-5359-a026-e4e2f578672c','Master 1 Soir Management Des Projets Digitaux — 2023-2024','Master 1 Soir','2023-2024','2023-2024','initial') on conflict (id) do update set name=excluded.name;
insert into public.classes (id,name,level,academic_year,intake,class_type) values ('917bb0e0-13d4-5c1c-99d4-70f03557286a','Master 1 Management Des Projets Digitaux — 2023-2024','Master 1','2023-2024','2023-2024','initial') on conflict (id) do update set name=excluded.name;
insert into public.classes (id,name,level,academic_year,intake,class_type) values ('cd5f927e-2baf-57fd-8399-c2e7d0de3c6b','Master 1 Marketing Digital — 2023-2024','Master 1','2023-2024','2023-2024','initial') on conflict (id) do update set name=excluded.name;
insert into public.classes (id,name,level,academic_year,intake,class_type) values ('be059619-ac20-5279-8aa3-3f9c93b24ea3','Master 2 E Commerce Et Commerce International — 2023-2024','Master 2','2023-2024','2023-2024','initial') on conflict (id) do update set name=excluded.name;
insert into public.classes (id,name,level,academic_year,intake,class_type) values ('129cff25-f5c4-5716-bb97-213537d3d482','Licence 2 E Commerce Et Commerce International — 2023-2024','Licence 2','2023-2024','2023-2024','initial') on conflict (id) do update set name=excluded.name;

insert into public.student_finance (student_id,registration_fee,tuition_due,academic_year,total_due,access_state,updated_at) values ('452a16ea-503d-542d-8b71-26acebc01349',0,0,'2023-2024',0,'bloque',now()) on conflict (student_id) do update set academic_year=excluded.academic_year,access_state='bloque';
insert into public.class_members (class_id,student_id) values ('e774bb27-800b-52d1-8c18-ab99d3f859f8','452a16ea-503d-542d-8b71-26acebc01349') on conflict (student_id) do update set class_id=excluded.class_id;
insert into public.student_finance (student_id,registration_fee,tuition_due,academic_year,total_due,access_state,updated_at) values ('0cdee8e8-ff29-5b78-8c7b-481c749900f1',0,0,'2023-2024',0,'bloque',now()) on conflict (student_id) do update set academic_year=excluded.academic_year,access_state='bloque';
insert into public.class_members (class_id,student_id) values ('e774bb27-800b-52d1-8c18-ab99d3f859f8','0cdee8e8-ff29-5b78-8c7b-481c749900f1') on conflict (student_id) do update set class_id=excluded.class_id;
insert into public.student_finance (student_id,registration_fee,tuition_due,academic_year,total_due,access_state,updated_at) values ('c6799e87-bd23-54b4-bd30-fd427a9a193f',0,0,'2023-2024',0,'bloque',now()) on conflict (student_id) do update set academic_year=excluded.academic_year,access_state='bloque';
insert into public.class_members (class_id,student_id) values ('bf130bae-a900-5612-b73e-ae2eea9d3886','c6799e87-bd23-54b4-bd30-fd427a9a193f') on conflict (student_id) do update set class_id=excluded.class_id;
insert into public.student_finance (student_id,registration_fee,tuition_due,academic_year,total_due,access_state,updated_at) values ('af5f6a99-1802-512d-86db-5d55b0623a45',0,0,'2023-2024',0,'bloque',now()) on conflict (student_id) do update set academic_year=excluded.academic_year,access_state='bloque';
insert into public.class_members (class_id,student_id) values ('bf130bae-a900-5612-b73e-ae2eea9d3886','af5f6a99-1802-512d-86db-5d55b0623a45') on conflict (student_id) do update set class_id=excluded.class_id;
insert into public.student_finance (student_id,registration_fee,tuition_due,academic_year,total_due,access_state,updated_at) values ('c5698af5-0277-5126-9c94-cddd1a0d3295',0,0,'2023-2024',0,'bloque',now()) on conflict (student_id) do update set academic_year=excluded.academic_year,access_state='bloque';
insert into public.class_members (class_id,student_id) values ('e774bb27-800b-52d1-8c18-ab99d3f859f8','c5698af5-0277-5126-9c94-cddd1a0d3295') on conflict (student_id) do update set class_id=excluded.class_id;
insert into public.student_finance (student_id,registration_fee,tuition_due,academic_year,total_due,access_state,updated_at) values ('23c14b7a-be4e-50e8-9b08-6d45ebd84e01',0,0,'2023-2024',0,'bloque',now()) on conflict (student_id) do update set academic_year=excluded.academic_year,access_state='bloque';
insert into public.class_members (class_id,student_id) values ('e774bb27-800b-52d1-8c18-ab99d3f859f8','23c14b7a-be4e-50e8-9b08-6d45ebd84e01') on conflict (student_id) do update set class_id=excluded.class_id;
insert into public.student_finance (student_id,registration_fee,tuition_due,academic_year,total_due,access_state,updated_at) values ('283275b3-a83d-5ac1-81c5-0da842e39987',0,0,'2023-2024',0,'bloque',now()) on conflict (student_id) do update set academic_year=excluded.academic_year,access_state='bloque';
insert into public.class_members (class_id,student_id) values ('e774bb27-800b-52d1-8c18-ab99d3f859f8','283275b3-a83d-5ac1-81c5-0da842e39987') on conflict (student_id) do update set class_id=excluded.class_id;
insert into public.student_finance (student_id,registration_fee,tuition_due,academic_year,total_due,access_state,updated_at) values ('69065f50-7ea3-549a-a2fc-e522efe97089',0,0,'2023-2024',0,'bloque',now()) on conflict (student_id) do update set academic_year=excluded.academic_year,access_state='bloque';
insert into public.class_members (class_id,student_id) values ('63b65e98-cd6a-5f42-96c8-ea4042a9ee55','69065f50-7ea3-549a-a2fc-e522efe97089') on conflict (student_id) do update set class_id=excluded.class_id;
insert into public.student_finance (student_id,registration_fee,tuition_due,academic_year,total_due,access_state,updated_at) values ('564375d1-27cc-5c8f-9a49-2a44b052c383',0,0,'2023-2024',0,'bloque',now()) on conflict (student_id) do update set academic_year=excluded.academic_year,access_state='bloque';
insert into public.class_members (class_id,student_id) values ('e774bb27-800b-52d1-8c18-ab99d3f859f8','564375d1-27cc-5c8f-9a49-2a44b052c383') on conflict (student_id) do update set class_id=excluded.class_id;
insert into public.student_finance (student_id,registration_fee,tuition_due,academic_year,total_due,access_state,updated_at) values ('1a2e76e7-31c4-550c-9721-014eff64432a',0,0,'2023-2024',0,'bloque',now()) on conflict (student_id) do update set academic_year=excluded.academic_year,access_state='bloque';
insert into public.class_members (class_id,student_id) values ('e774bb27-800b-52d1-8c18-ab99d3f859f8','1a2e76e7-31c4-550c-9721-014eff64432a') on conflict (student_id) do update set class_id=excluded.class_id;
insert into public.student_finance (student_id,registration_fee,tuition_due,academic_year,total_due,access_state,updated_at) values ('5c1c1e97-e1fe-518e-913f-6062039517e1',0,0,'2023-2024',0,'bloque',now()) on conflict (student_id) do update set academic_year=excluded.academic_year,access_state='bloque';
insert into public.class_members (class_id,student_id) values ('a00f6bdc-037f-5a4a-9b99-03d4620f7986','5c1c1e97-e1fe-518e-913f-6062039517e1') on conflict (student_id) do update set class_id=excluded.class_id;
insert into public.student_finance (student_id,registration_fee,tuition_due,academic_year,total_due,access_state,updated_at) values ('7fa57983-de20-5164-be2d-611e75ce3c76',0,0,'2023-2024',0,'bloque',now()) on conflict (student_id) do update set academic_year=excluded.academic_year,access_state='bloque';
insert into public.class_members (class_id,student_id) values ('63b65e98-cd6a-5f42-96c8-ea4042a9ee55','7fa57983-de20-5164-be2d-611e75ce3c76') on conflict (student_id) do update set class_id=excluded.class_id;
insert into public.student_finance (student_id,registration_fee,tuition_due,academic_year,total_due,access_state,updated_at) values ('cded35da-48ed-5533-acca-34433af2afc4',0,0,'2023-2024',0,'bloque',now()) on conflict (student_id) do update set academic_year=excluded.academic_year,access_state='bloque';
insert into public.class_members (class_id,student_id) values ('bf130bae-a900-5612-b73e-ae2eea9d3886','cded35da-48ed-5533-acca-34433af2afc4') on conflict (student_id) do update set class_id=excluded.class_id;
insert into public.student_finance (student_id,registration_fee,tuition_due,academic_year,total_due,access_state,updated_at) values ('582e4cd4-11cf-54fd-8f18-6055d3b19240',0,0,'2023-2024',0,'bloque',now()) on conflict (student_id) do update set academic_year=excluded.academic_year,access_state='bloque';
insert into public.class_members (class_id,student_id) values ('05e68aee-8457-5d86-96b5-98fd851ea8e6','582e4cd4-11cf-54fd-8f18-6055d3b19240') on conflict (student_id) do update set class_id=excluded.class_id;
insert into public.student_finance (student_id,registration_fee,tuition_due,academic_year,total_due,access_state,updated_at) values ('b2249f10-5442-5337-bcf4-3560bfd3e89c',0,0,'2023-2024',0,'bloque',now()) on conflict (student_id) do update set academic_year=excluded.academic_year,access_state='bloque';
insert into public.class_members (class_id,student_id) values ('b3b110fd-38e2-5da7-a634-2d2a8a4e36ce','b2249f10-5442-5337-bcf4-3560bfd3e89c') on conflict (student_id) do update set class_id=excluded.class_id;
insert into public.student_finance (student_id,registration_fee,tuition_due,academic_year,total_due,access_state,updated_at) values ('8888fa79-17ad-56f6-af01-8d085cead1b1',0,0,'2023-2024',0,'bloque',now()) on conflict (student_id) do update set academic_year=excluded.academic_year,access_state='bloque';
insert into public.class_members (class_id,student_id) values ('b3b110fd-38e2-5da7-a634-2d2a8a4e36ce','8888fa79-17ad-56f6-af01-8d085cead1b1') on conflict (student_id) do update set class_id=excluded.class_id;
insert into public.student_finance (student_id,registration_fee,tuition_due,academic_year,total_due,access_state,updated_at) values ('a91263d9-d88b-5c46-b8c8-b0c286bb613f',0,0,'2023-2024',0,'bloque',now()) on conflict (student_id) do update set academic_year=excluded.academic_year,access_state='bloque';
insert into public.class_members (class_id,student_id) values ('b3b110fd-38e2-5da7-a634-2d2a8a4e36ce','a91263d9-d88b-5c46-b8c8-b0c286bb613f') on conflict (student_id) do update set class_id=excluded.class_id;
insert into public.student_finance (student_id,registration_fee,tuition_due,academic_year,total_due,access_state,updated_at) values ('43037d17-8cee-5adc-9ba9-55e58b63f512',0,0,'2023-2024',0,'bloque',now()) on conflict (student_id) do update set academic_year=excluded.academic_year,access_state='bloque';
insert into public.class_members (class_id,student_id) values ('b3b110fd-38e2-5da7-a634-2d2a8a4e36ce','43037d17-8cee-5adc-9ba9-55e58b63f512') on conflict (student_id) do update set class_id=excluded.class_id;
insert into public.student_finance (student_id,registration_fee,tuition_due,academic_year,total_due,access_state,updated_at) values ('4f5d2140-f730-50ba-a159-6418e8e4ac91',0,0,'2023-2024',0,'bloque',now()) on conflict (student_id) do update set academic_year=excluded.academic_year,access_state='bloque';
insert into public.class_members (class_id,student_id) values ('4a04c6a9-ba73-59bc-9629-f81fab769fc8','4f5d2140-f730-50ba-a159-6418e8e4ac91') on conflict (student_id) do update set class_id=excluded.class_id;
insert into public.student_finance (student_id,registration_fee,tuition_due,academic_year,total_due,access_state,updated_at) values ('d64be2b8-1935-5877-92f4-3bdf09e3ef21',0,0,'2023-2024',0,'bloque',now()) on conflict (student_id) do update set academic_year=excluded.academic_year,access_state='bloque';
insert into public.class_members (class_id,student_id) values ('6a06d9e6-2a6c-5142-a684-a3f845f71752','d64be2b8-1935-5877-92f4-3bdf09e3ef21') on conflict (student_id) do update set class_id=excluded.class_id;
insert into public.student_finance (student_id,registration_fee,tuition_due,academic_year,total_due,access_state,updated_at) values ('e5a0c18c-2e0f-5261-863a-3ae8a7cdc3a8',0,0,'2023-2024',0,'bloque',now()) on conflict (student_id) do update set academic_year=excluded.academic_year,access_state='bloque';
insert into public.class_members (class_id,student_id) values ('6a06d9e6-2a6c-5142-a684-a3f845f71752','e5a0c18c-2e0f-5261-863a-3ae8a7cdc3a8') on conflict (student_id) do update set class_id=excluded.class_id;
insert into public.student_finance (student_id,registration_fee,tuition_due,academic_year,total_due,access_state,updated_at) values ('cfd5e2cb-af1e-5a8e-b47a-5894dd59d440',0,0,'2023-2024',0,'bloque',now()) on conflict (student_id) do update set academic_year=excluded.academic_year,access_state='bloque';
insert into public.class_members (class_id,student_id) values ('6a06d9e6-2a6c-5142-a684-a3f845f71752','cfd5e2cb-af1e-5a8e-b47a-5894dd59d440') on conflict (student_id) do update set class_id=excluded.class_id;
insert into public.student_finance (student_id,registration_fee,tuition_due,academic_year,total_due,access_state,updated_at) values ('61fabe91-0850-511b-96bd-52b0365f862c',0,0,'2023-2024',0,'bloque',now()) on conflict (student_id) do update set academic_year=excluded.academic_year,access_state='bloque';
insert into public.class_members (class_id,student_id) values ('6a06d9e6-2a6c-5142-a684-a3f845f71752','61fabe91-0850-511b-96bd-52b0365f862c') on conflict (student_id) do update set class_id=excluded.class_id;
insert into public.student_finance (student_id,registration_fee,tuition_due,academic_year,total_due,access_state,updated_at) values ('533a98e2-623b-51a5-b430-d5963bed8abb',0,0,'2023-2024',0,'bloque',now()) on conflict (student_id) do update set academic_year=excluded.academic_year,access_state='bloque';
insert into public.class_members (class_id,student_id) values ('7f9bbe71-cce8-5384-a544-7b7353e79f24','533a98e2-623b-51a5-b430-d5963bed8abb') on conflict (student_id) do update set class_id=excluded.class_id;
insert into public.student_finance (student_id,registration_fee,tuition_due,academic_year,total_due,access_state,updated_at) values ('a223ed5c-3cb5-5a26-bee6-0e8281b3d74e',0,0,'2023-2024',0,'bloque',now()) on conflict (student_id) do update set academic_year=excluded.academic_year,access_state='bloque';
insert into public.class_members (class_id,student_id) values ('4a82c66e-2c6f-54e9-ba48-628dce0126e6','a223ed5c-3cb5-5a26-bee6-0e8281b3d74e') on conflict (student_id) do update set class_id=excluded.class_id;
insert into public.student_finance (student_id,registration_fee,tuition_due,academic_year,total_due,access_state,updated_at) values ('515fc85d-3ee7-5a92-a5f7-54bd016b3943',0,0,'2023-2024',0,'bloque',now()) on conflict (student_id) do update set academic_year=excluded.academic_year,access_state='bloque';
insert into public.class_members (class_id,student_id) values ('8960af13-aff7-5359-a026-e4e2f578672c','515fc85d-3ee7-5a92-a5f7-54bd016b3943') on conflict (student_id) do update set class_id=excluded.class_id;
insert into public.student_finance (student_id,registration_fee,tuition_due,academic_year,total_due,access_state,updated_at) values ('e43af24e-25c5-5fbc-ad34-023de0c8f899',0,0,'2023-2024',0,'bloque',now()) on conflict (student_id) do update set academic_year=excluded.academic_year,access_state='bloque';
insert into public.class_members (class_id,student_id) values ('917bb0e0-13d4-5c1c-99d4-70f03557286a','e43af24e-25c5-5fbc-ad34-023de0c8f899') on conflict (student_id) do update set class_id=excluded.class_id;
insert into public.student_finance (student_id,registration_fee,tuition_due,academic_year,total_due,access_state,updated_at) values ('238a2ce9-7155-5397-9ff1-d565ad5966a5',0,0,'2023-2024',0,'bloque',now()) on conflict (student_id) do update set academic_year=excluded.academic_year,access_state='bloque';
insert into public.class_members (class_id,student_id) values ('cd5f927e-2baf-57fd-8399-c2e7d0de3c6b','238a2ce9-7155-5397-9ff1-d565ad5966a5') on conflict (student_id) do update set class_id=excluded.class_id;
insert into public.student_finance (student_id,registration_fee,tuition_due,academic_year,total_due,access_state,updated_at) values ('7f055a2c-544e-55ae-9895-1c7cdf8b4ca1',0,0,'2023-2024',0,'bloque',now()) on conflict (student_id) do update set academic_year=excluded.academic_year,access_state='bloque';
insert into public.class_members (class_id,student_id) values ('cd5f927e-2baf-57fd-8399-c2e7d0de3c6b','7f055a2c-544e-55ae-9895-1c7cdf8b4ca1') on conflict (student_id) do update set class_id=excluded.class_id;
insert into public.student_finance (student_id,registration_fee,tuition_due,academic_year,total_due,access_state,updated_at) values ('16e69855-a0b2-5800-9ec9-381867073985',0,0,'2023-2024',0,'bloque',now()) on conflict (student_id) do update set academic_year=excluded.academic_year,access_state='bloque';
insert into public.class_members (class_id,student_id) values ('be059619-ac20-5279-8aa3-3f9c93b24ea3','16e69855-a0b2-5800-9ec9-381867073985') on conflict (student_id) do update set class_id=excluded.class_id;
insert into public.student_finance (student_id,registration_fee,tuition_due,academic_year,total_due,access_state,updated_at) values ('4f213fc4-0a88-5a4e-9ed3-2d0bf8178e6e',0,0,'2023-2024',0,'bloque',now()) on conflict (student_id) do update set academic_year=excluded.academic_year,access_state='bloque';
insert into public.class_members (class_id,student_id) values ('05e68aee-8457-5d86-96b5-98fd851ea8e6','4f213fc4-0a88-5a4e-9ed3-2d0bf8178e6e') on conflict (student_id) do update set class_id=excluded.class_id;
insert into public.student_finance (student_id,registration_fee,tuition_due,academic_year,total_due,access_state,updated_at) values ('53920843-c39e-5f6c-acaf-15ad70974d30',0,0,'2023-2024',0,'bloque',now()) on conflict (student_id) do update set academic_year=excluded.academic_year,access_state='bloque';
insert into public.class_members (class_id,student_id) values ('129cff25-f5c4-5716-bb97-213537d3d482','53920843-c39e-5f6c-acaf-15ad70974d30') on conflict (student_id) do update set class_id=excluded.class_id;