-- IPMD — ARCHIVE etudiants 2024-2025 (registre officiel). Email placeholder, acces bloque, sans finance. Idempotent.

insert into auth.users (instance_id,id,aud,role,email,encrypted_password,email_confirmed_at,raw_app_meta_data,raw_user_meta_data,created_at,updated_at,confirmation_token,email_change,email_change_token_new,recovery_token) values
('00000000-0000-0000-0000-000000000000','652c07b1-c181-57b8-ba95-07342724321d','authenticated','authenticated','kouakou.jean.alex.bertrand.1@archive2425.ipmd.local',crypt('Archive2425!',gen_salt('bf')),now(),'{"provider":"email","providers":["email"]}','{}',now(),now(),'','','',''),
('00000000-0000-0000-0000-000000000000','c15d6be5-f337-59dd-825f-fb09062182ee','authenticated','authenticated','adou.levi.emmanuel.jean.mathieu.2@archive2425.ipmd.local',crypt('Archive2425!',gen_salt('bf')),now(),'{"provider":"email","providers":["email"]}','{}',now(),now(),'','','',''),
('00000000-0000-0000-0000-000000000000','418ba2f1-476f-5424-8949-06eea1e5934f','authenticated','authenticated','toe.alex.rayan.zenon.3@archive2425.ipmd.local',crypt('Archive2425!',gen_salt('bf')),now(),'{"provider":"email","providers":["email"]}','{}',now(),now(),'','','',''),
('00000000-0000-0000-0000-000000000000','c4e4a45a-6ea2-55f8-b57e-1af7eb22c408','authenticated','authenticated','degbe.couessan.beni.samuel.esli.4@archive2425.ipmd.local',crypt('Archive2425!',gen_salt('bf')),now(),'{"provider":"email","providers":["email"]}','{}',now(),now(),'','','',''),
('00000000-0000-0000-0000-000000000000','77d86eb7-229c-5077-9739-5cfa0d8f49c0','authenticated','authenticated','gnako.grace.esther.5@archive2425.ipmd.local',crypt('Archive2425!',gen_salt('bf')),now(),'{"provider":"email","providers":["email"]}','{}',now(),now(),'','','',''),
('00000000-0000-0000-0000-000000000000','572db626-a0f3-5c40-9fd0-f11f2ffd806a','authenticated','authenticated','kobenan.aman.marie.ange.6@archive2425.ipmd.local',crypt('Archive2425!',gen_salt('bf')),now(),'{"provider":"email","providers":["email"]}','{}',now(),now(),'','','',''),
('00000000-0000-0000-0000-000000000000','687018ab-93ce-5ccb-81b9-e76e96084c85','authenticated','authenticated','koffi.bi.tioman.7@archive2425.ipmd.local',crypt('Archive2425!',gen_salt('bf')),now(),'{"provider":"email","providers":["email"]}','{}',now(),now(),'','','',''),
('00000000-0000-0000-0000-000000000000','8038413e-c506-57da-9d55-79e140363f7e','authenticated','authenticated','ahoussi.ahoussi.christ.david.theophane.8@archive2425.ipmd.local',crypt('Archive2425!',gen_salt('bf')),now(),'{"provider":"email","providers":["email"]}','{}',now(),now(),'','','',''),
('00000000-0000-0000-0000-000000000000','a6960ef1-6324-5d93-95d8-b852fccfb54c','authenticated','authenticated','tahe.clarck.emmanuel.jean.levy.9@archive2425.ipmd.local',crypt('Archive2425!',gen_salt('bf')),now(),'{"provider":"email","providers":["email"]}','{}',now(),now(),'','','',''),
('00000000-0000-0000-0000-000000000000','93665c70-68a9-53f9-9831-dfa1d1a45221','authenticated','authenticated','akoto.yao.kpaele.felix.gautier.10@archive2425.ipmd.local',crypt('Archive2425!',gen_salt('bf')),now(),'{"provider":"email","providers":["email"]}','{}',now(),now(),'','','',''),
('00000000-0000-0000-0000-000000000000','b066fc35-d2c4-5a4e-bfa8-8b8d8a45ef36','authenticated','authenticated','assogba.israel.andy.dufrene.11@archive2425.ipmd.local',crypt('Archive2425!',gen_salt('bf')),now(),'{"provider":"email","providers":["email"]}','{}',now(),now(),'','','',''),
('00000000-0000-0000-0000-000000000000','319a56fd-c300-5302-9913-798d6cdd1790','authenticated','authenticated','yeo.klotioleiman.nargata.marianne.elodie.12@archive2425.ipmd.local',crypt('Archive2425!',gen_salt('bf')),now(),'{"provider":"email","providers":["email"]}','{}',now(),now(),'','','',''),
('00000000-0000-0000-0000-000000000000','09095960-2db5-530b-bda9-36c50893adc6','authenticated','authenticated','chooh.christ.junior.13@archive2425.ipmd.local',crypt('Archive2425!',gen_salt('bf')),now(),'{"provider":"email","providers":["email"]}','{}',now(),now(),'','','',''),
('00000000-0000-0000-0000-000000000000','cd4081e1-ea29-599c-9589-3b021c7fac22','authenticated','authenticated','nacouban.coulibaly.marie.rose.adele.14@archive2425.ipmd.local',crypt('Archive2425!',gen_salt('bf')),now(),'{"provider":"email","providers":["email"]}','{}',now(),now(),'','','',''),
('00000000-0000-0000-0000-000000000000','cd2f07c9-7b61-57e9-ba2e-84f0c865d34f','authenticated','authenticated','koffi.aya.sarah.eunice.15@archive2425.ipmd.local',crypt('Archive2425!',gen_salt('bf')),now(),'{"provider":"email","providers":["email"]}','{}',now(),now(),'','','',''),
('00000000-0000-0000-0000-000000000000','81e4c44c-2289-5978-9665-f02c6f497c5d','authenticated','authenticated','diby.marc.olivier.16@archive2425.ipmd.local',crypt('Archive2425!',gen_salt('bf')),now(),'{"provider":"email","providers":["email"]}','{}',now(),now(),'','','',''),
('00000000-0000-0000-0000-000000000000','80bf3908-f975-545f-98eb-bb7c9d1b3568','authenticated','authenticated','kadjo.amangala.koffi.bra.daphnee.lisette.catherine.17@archive2425.ipmd.local',crypt('Archive2425!',gen_salt('bf')),now(),'{"provider":"email","providers":["email"]}','{}',now(),now(),'','','',''),
('00000000-0000-0000-0000-000000000000','71c843e9-03b7-5413-9a4f-10922b226290','authenticated','authenticated','haidara.yann.david.mustapha.18@archive2425.ipmd.local',crypt('Archive2425!',gen_salt('bf')),now(),'{"provider":"email","providers":["email"]}','{}',now(),now(),'','','',''),
('00000000-0000-0000-0000-000000000000','8db36f28-a14e-5523-8c1e-7c2d70d9c613','authenticated','authenticated','silue.kolo.abraham.19@archive2425.ipmd.local',crypt('Archive2425!',gen_salt('bf')),now(),'{"provider":"email","providers":["email"]}','{}',now(),now(),'','','',''),
('00000000-0000-0000-0000-000000000000','a2478543-2f9c-5c48-b269-011465404441','authenticated','authenticated','assande.yavo.eliasse.guy.laurent.20@archive2425.ipmd.local',crypt('Archive2425!',gen_salt('bf')),now(),'{"provider":"email","providers":["email"]}','{}',now(),now(),'','','',''),
('00000000-0000-0000-0000-000000000000','00ec64fa-f567-5a20-a721-2aa601f24678','authenticated','authenticated','noba.able.wilfrid.benjamin.mondesir.21@archive2425.ipmd.local',crypt('Archive2425!',gen_salt('bf')),now(),'{"provider":"email","providers":["email"]}','{}',now(),now(),'','','',''),
('00000000-0000-0000-0000-000000000000','aee344b9-8830-589a-b43c-e1143d3004e4','authenticated','authenticated','ba.amadou.22@archive2425.ipmd.local',crypt('Archive2425!',gen_salt('bf')),now(),'{"provider":"email","providers":["email"]}','{}',now(),now(),'','','','')
on conflict (id) do nothing;

insert into public.profiles (id,email,full_name,role,birth_date,birth_place) values ('652c07b1-c181-57b8-ba95-07342724321d','kouakou.jean.alex.bertrand.1@archive2425.ipmd.local','Kouakou Jean Alex Bertrand','etudiant','1989-12-31','Côte D''Ivoire') on conflict (id) do update set full_name=excluded.full_name,birth_date=excluded.birth_date,birth_place=excluded.birth_place;
insert into public.profiles (id,email,full_name,role,birth_date,birth_place) values ('c15d6be5-f337-59dd-825f-fb09062182ee','adou.levi.emmanuel.jean.mathieu.2@archive2425.ipmd.local','Adou Lévi Emmanuel Jean Mathieu','etudiant','2003-12-07','Côte D''Ivoire') on conflict (id) do update set full_name=excluded.full_name,birth_date=excluded.birth_date,birth_place=excluded.birth_place;
insert into public.profiles (id,email,full_name,role,birth_date,birth_place) values ('418ba2f1-476f-5424-8949-06eea1e5934f','toe.alex.rayan.zenon.3@archive2425.ipmd.local','Toe Alex Rayan Zenon','etudiant','2004-07-29','Burkina Faso') on conflict (id) do update set full_name=excluded.full_name,birth_date=excluded.birth_date,birth_place=excluded.birth_place;
insert into public.profiles (id,email,full_name,role,birth_date,birth_place) values ('c4e4a45a-6ea2-55f8-b57e-1af7eb22c408','degbe.couessan.beni.samuel.esli.4@archive2425.ipmd.local','Degbe Couéssan Béni Samuel Esli','etudiant','2003-06-22','Côte D''Ivoire') on conflict (id) do update set full_name=excluded.full_name,birth_date=excluded.birth_date,birth_place=excluded.birth_place;
insert into public.profiles (id,email,full_name,role,birth_date,birth_place) values ('77d86eb7-229c-5077-9739-5cfa0d8f49c0','gnako.grace.esther.5@archive2425.ipmd.local','Gnako Grace Esther','etudiant','2000-08-06','Côte D''Ivoire') on conflict (id) do update set full_name=excluded.full_name,birth_date=excluded.birth_date,birth_place=excluded.birth_place;
insert into public.profiles (id,email,full_name,role,birth_date,birth_place) values ('572db626-a0f3-5c40-9fd0-f11f2ffd806a','kobenan.aman.marie.ange.6@archive2425.ipmd.local','Kobenan Aman Marie Ange','etudiant','2005-07-23','Côte D''Ivoire') on conflict (id) do update set full_name=excluded.full_name,birth_date=excluded.birth_date,birth_place=excluded.birth_place;
insert into public.profiles (id,email,full_name,role,birth_date,birth_place) values ('687018ab-93ce-5ccb-81b9-e76e96084c85','koffi.bi.tioman.7@archive2425.ipmd.local','Koffi Bi Tioman','etudiant','2001-05-10','Côte D''Ivoire') on conflict (id) do update set full_name=excluded.full_name,birth_date=excluded.birth_date,birth_place=excluded.birth_place;
insert into public.profiles (id,email,full_name,role,birth_date,birth_place) values ('8038413e-c506-57da-9d55-79e140363f7e','ahoussi.ahoussi.christ.david.theophane.8@archive2425.ipmd.local','Ahoussi Ahoussi Christ David Théophane','etudiant','2005-12-30','Côte D''Ivoire') on conflict (id) do update set full_name=excluded.full_name,birth_date=excluded.birth_date,birth_place=excluded.birth_place;
insert into public.profiles (id,email,full_name,role,birth_date,birth_place) values ('a6960ef1-6324-5d93-95d8-b852fccfb54c','tahe.clarck.emmanuel.jean.levy.9@archive2425.ipmd.local','Tahe  Clarck Emmanuel Jean Levy','etudiant','2003-12-17','Côte D''Ivoire') on conflict (id) do update set full_name=excluded.full_name,birth_date=excluded.birth_date,birth_place=excluded.birth_place;
insert into public.profiles (id,email,full_name,role,birth_date,birth_place) values ('93665c70-68a9-53f9-9831-dfa1d1a45221','akoto.yao.kpaele.felix.gautier.10@archive2425.ipmd.local','Akoto- Yao Kpaele Felix-Gautier','etudiant','2000-08-13','Côte D''Ivoire') on conflict (id) do update set full_name=excluded.full_name,birth_date=excluded.birth_date,birth_place=excluded.birth_place;
insert into public.profiles (id,email,full_name,role,birth_date,birth_place) values ('b066fc35-d2c4-5a4e-bfa8-8b8d8a45ef36','assogba.israel.andy.dufrene.11@archive2425.ipmd.local','Assogba Israel Andy Dufrene','etudiant','2006-04-28','Côte D''Ivoire') on conflict (id) do update set full_name=excluded.full_name,birth_date=excluded.birth_date,birth_place=excluded.birth_place;
insert into public.profiles (id,email,full_name,role,birth_date,birth_place) values ('319a56fd-c300-5302-9913-798d6cdd1790','yeo.klotioleiman.nargata.marianne.elodie.12@archive2425.ipmd.local','Yeo Klotioleiman Nargata Marianne Elodie','etudiant','2006-10-31','Côte D''Ivoire') on conflict (id) do update set full_name=excluded.full_name,birth_date=excluded.birth_date,birth_place=excluded.birth_place;
insert into public.profiles (id,email,full_name,role,birth_date,birth_place) values ('09095960-2db5-530b-bda9-36c50893adc6','chooh.christ.junior.13@archive2425.ipmd.local','Chooh Christ Junior','etudiant','2001-10-20','Côte D''Ivoire') on conflict (id) do update set full_name=excluded.full_name,birth_date=excluded.birth_date,birth_place=excluded.birth_place;
insert into public.profiles (id,email,full_name,role,birth_date,birth_place) values ('cd4081e1-ea29-599c-9589-3b021c7fac22','nacouban.coulibaly.marie.rose.adele.14@archive2425.ipmd.local','Nacouban Coulibaly Marie Rose Adèle','etudiant','2003-06-17','Côte D''Ivoire') on conflict (id) do update set full_name=excluded.full_name,birth_date=excluded.birth_date,birth_place=excluded.birth_place;
insert into public.profiles (id,email,full_name,role,birth_date,birth_place) values ('cd2f07c9-7b61-57e9-ba2e-84f0c865d34f','koffi.aya.sarah.eunice.15@archive2425.ipmd.local','Koffi Aya Sarah Eunice','etudiant','2001-05-11','Côte D''Ivoire') on conflict (id) do update set full_name=excluded.full_name,birth_date=excluded.birth_date,birth_place=excluded.birth_place;
insert into public.profiles (id,email,full_name,role,birth_date,birth_place) values ('81e4c44c-2289-5978-9665-f02c6f497c5d','diby.marc.olivier.16@archive2425.ipmd.local','Diby Marc Olivier','etudiant','2003-06-04','Côte D''Ivoire') on conflict (id) do update set full_name=excluded.full_name,birth_date=excluded.birth_date,birth_place=excluded.birth_place;
insert into public.profiles (id,email,full_name,role,birth_date,birth_place) values ('80bf3908-f975-545f-98eb-bb7c9d1b3568','kadjo.amangala.koffi.bra.daphnee.lisette.catherine.17@archive2425.ipmd.local','Kadjo Amangala Koffi-Bra Daphnee Lisette Catherine','etudiant','2002-07-11','Côte D''Ivoire') on conflict (id) do update set full_name=excluded.full_name,birth_date=excluded.birth_date,birth_place=excluded.birth_place;
insert into public.profiles (id,email,full_name,role,birth_date,birth_place) values ('71c843e9-03b7-5413-9a4f-10922b226290','haidara.yann.david.mustapha.18@archive2425.ipmd.local','Haïdara Yann David Mustapha','etudiant','2003-12-13','Côte D''Ivoire') on conflict (id) do update set full_name=excluded.full_name,birth_date=excluded.birth_date,birth_place=excluded.birth_place;
insert into public.profiles (id,email,full_name,role,birth_date,birth_place) values ('8db36f28-a14e-5523-8c1e-7c2d70d9c613','silue.kolo.abraham.19@archive2425.ipmd.local','Silue Kolo Abraham','etudiant','2001-12-20','Côte D''Ivoire') on conflict (id) do update set full_name=excluded.full_name,birth_date=excluded.birth_date,birth_place=excluded.birth_place;
insert into public.profiles (id,email,full_name,role,birth_date,birth_place) values ('a2478543-2f9c-5c48-b269-011465404441','assande.yavo.eliasse.guy.laurent.20@archive2425.ipmd.local','Assande Yavo Eliasse Guy Laurent','etudiant','2001-01-08','Côte D''Ivoire') on conflict (id) do update set full_name=excluded.full_name,birth_date=excluded.birth_date,birth_place=excluded.birth_place;
insert into public.profiles (id,email,full_name,role,birth_date,birth_place) values ('00ec64fa-f567-5a20-a721-2aa601f24678','noba.able.wilfrid.benjamin.mondesir.21@archive2425.ipmd.local','Noba Able Wilfrid Benjamin Mondesir','etudiant','2004-05-24','Côte D''Ivoire') on conflict (id) do update set full_name=excluded.full_name,birth_date=excluded.birth_date,birth_place=excluded.birth_place;
insert into public.profiles (id,email,full_name,role,birth_date,birth_place) values ('aee344b9-8830-589a-b43c-e1143d3004e4','ba.amadou.22@archive2425.ipmd.local','Ba Amadou','etudiant','1996-05-26','Niger') on conflict (id) do update set full_name=excluded.full_name,birth_date=excluded.birth_date,birth_place=excluded.birth_place;

insert into public.classes (id,name,level,academic_year,intake,class_type) values ('3219bda6-eae5-5895-b34a-f0f8b01fa512','Master 1 Developpement D''Applications — 2024-2025','Master 1','2024-2025','2024-2025','initial') on conflict (id) do update set name=excluded.name;
insert into public.classes (id,name,level,academic_year,intake,class_type) values ('4cf353e2-df06-55ce-be55-1aaef53b5011','Licence 2 Graphisme & Design — 2024-2025','Licence 2','2024-2025','2024-2025','initial') on conflict (id) do update set name=excluded.name;
insert into public.classes (id,name,level,academic_year,intake,class_type) values ('36d86e9e-868e-5a82-8ae8-b5389df9cafc','Licence 3 Graphisme & Design — 2024-2025','Licence 3','2024-2025','2024-2025','initial') on conflict (id) do update set name=excluded.name;
insert into public.classes (id,name,level,academic_year,intake,class_type) values ('d0bb2700-977e-58a2-832b-35bae13defe2','Licence 1 Informatique & Intellignece Artificielle — 2024-2025','Licence 1','2024-2025','2024-2025','initial') on conflict (id) do update set name=excluded.name;
insert into public.classes (id,name,level,academic_year,intake,class_type) values ('082152da-ac6a-5db6-98d6-c9fee1992084','Licence 2 Informatique & Intellignece Artificielle — 2024-2025','Licence 2','2024-2025','2024-2025','initial') on conflict (id) do update set name=excluded.name;
insert into public.classes (id,name,level,academic_year,intake,class_type) values ('44075e95-ff67-5524-b9e6-04bb04496eea','Licence 3 Informatique & Intellignece Artificielle — 2024-2025','Licence 3','2024-2025','2024-2025','initial') on conflict (id) do update set name=excluded.name;
insert into public.classes (id,name,level,academic_year,intake,class_type) values ('ed99fb9d-6a22-535b-a5ee-e7a9951f65cf','Master 1 Management De Projet Digital — 2024-2025','Master 1','2024-2025','2024-2025','initial') on conflict (id) do update set name=excluded.name;
insert into public.classes (id,name,level,academic_year,intake,class_type) values ('5ad24e80-9948-5d77-96f6-7f571025012d','Licence 1 Maketing Digital — 2024-2025','Licence 1','2024-2025','2024-2025','initial') on conflict (id) do update set name=excluded.name;
insert into public.classes (id,name,level,academic_year,intake,class_type) values ('4ed200c9-5390-5e51-ae92-3ad18d9f1158','Licence 2 Maketing Digital — 2024-2025','Licence 2','2024-2025','2024-2025','initial') on conflict (id) do update set name=excluded.name;
insert into public.classes (id,name,level,academic_year,intake,class_type) values ('bd901ca8-e276-5891-a2d1-619b71d4f491','Licence 3 Maketing Digital — 2024-2025','Licence 3','2024-2025','2024-2025','initial') on conflict (id) do update set name=excluded.name;
insert into public.classes (id,name,level,academic_year,intake,class_type) values ('5100b076-4e84-5872-8d21-e851c94946c8','Master 1 Maketing Digital — 2024-2025','Master 1','2024-2025','2024-2025','initial') on conflict (id) do update set name=excluded.name;
insert into public.classes (id,name,level,academic_year,intake,class_type) values ('8d0a1480-b646-5cf6-8365-1f910cfc03be','Master 2 Maketing Digital — 2024-2025','Master 2','2024-2025','2024-2025','initial') on conflict (id) do update set name=excluded.name;
insert into public.classes (id,name,level,academic_year,intake,class_type) values ('9d3b5abf-44bb-5e72-bbc9-69ee2f4f2be6','Licence 3 Communication Digitale — 2024-2025','Licence 3','2024-2025','2024-2025','initial') on conflict (id) do update set name=excluded.name;

insert into public.student_finance (student_id,registration_fee,tuition_due,academic_year,total_due,access_state,updated_at) values ('652c07b1-c181-57b8-ba95-07342724321d',0,0,'2024-2025',0,'bloque',now()) on conflict (student_id) do update set academic_year=excluded.academic_year,access_state='bloque';
insert into public.class_members (class_id,student_id) values ('3219bda6-eae5-5895-b34a-f0f8b01fa512','652c07b1-c181-57b8-ba95-07342724321d') on conflict (student_id) do update set class_id=excluded.class_id;
insert into public.student_finance (student_id,registration_fee,tuition_due,academic_year,total_due,access_state,updated_at) values ('c15d6be5-f337-59dd-825f-fb09062182ee',0,0,'2024-2025',0,'bloque',now()) on conflict (student_id) do update set academic_year=excluded.academic_year,access_state='bloque';
insert into public.class_members (class_id,student_id) values ('4cf353e2-df06-55ce-be55-1aaef53b5011','c15d6be5-f337-59dd-825f-fb09062182ee') on conflict (student_id) do update set class_id=excluded.class_id;
insert into public.student_finance (student_id,registration_fee,tuition_due,academic_year,total_due,access_state,updated_at) values ('418ba2f1-476f-5424-8949-06eea1e5934f',0,0,'2024-2025',0,'bloque',now()) on conflict (student_id) do update set academic_year=excluded.academic_year,access_state='bloque';
insert into public.class_members (class_id,student_id) values ('4cf353e2-df06-55ce-be55-1aaef53b5011','418ba2f1-476f-5424-8949-06eea1e5934f') on conflict (student_id) do update set class_id=excluded.class_id;
insert into public.student_finance (student_id,registration_fee,tuition_due,academic_year,total_due,access_state,updated_at) values ('c4e4a45a-6ea2-55f8-b57e-1af7eb22c408',0,0,'2024-2025',0,'bloque',now()) on conflict (student_id) do update set academic_year=excluded.academic_year,access_state='bloque';
insert into public.class_members (class_id,student_id) values ('4cf353e2-df06-55ce-be55-1aaef53b5011','c4e4a45a-6ea2-55f8-b57e-1af7eb22c408') on conflict (student_id) do update set class_id=excluded.class_id;
insert into public.student_finance (student_id,registration_fee,tuition_due,academic_year,total_due,access_state,updated_at) values ('77d86eb7-229c-5077-9739-5cfa0d8f49c0',0,0,'2024-2025',0,'bloque',now()) on conflict (student_id) do update set academic_year=excluded.academic_year,access_state='bloque';
insert into public.class_members (class_id,student_id) values ('36d86e9e-868e-5a82-8ae8-b5389df9cafc','77d86eb7-229c-5077-9739-5cfa0d8f49c0') on conflict (student_id) do update set class_id=excluded.class_id;
insert into public.student_finance (student_id,registration_fee,tuition_due,academic_year,total_due,access_state,updated_at) values ('572db626-a0f3-5c40-9fd0-f11f2ffd806a',0,0,'2024-2025',0,'bloque',now()) on conflict (student_id) do update set academic_year=excluded.academic_year,access_state='bloque';
insert into public.class_members (class_id,student_id) values ('d0bb2700-977e-58a2-832b-35bae13defe2','572db626-a0f3-5c40-9fd0-f11f2ffd806a') on conflict (student_id) do update set class_id=excluded.class_id;
insert into public.student_finance (student_id,registration_fee,tuition_due,academic_year,total_due,access_state,updated_at) values ('687018ab-93ce-5ccb-81b9-e76e96084c85',0,0,'2024-2025',0,'bloque',now()) on conflict (student_id) do update set academic_year=excluded.academic_year,access_state='bloque';
insert into public.class_members (class_id,student_id) values ('d0bb2700-977e-58a2-832b-35bae13defe2','687018ab-93ce-5ccb-81b9-e76e96084c85') on conflict (student_id) do update set class_id=excluded.class_id;
insert into public.student_finance (student_id,registration_fee,tuition_due,academic_year,total_due,access_state,updated_at) values ('8038413e-c506-57da-9d55-79e140363f7e',0,0,'2024-2025',0,'bloque',now()) on conflict (student_id) do update set academic_year=excluded.academic_year,access_state='bloque';
insert into public.class_members (class_id,student_id) values ('082152da-ac6a-5db6-98d6-c9fee1992084','8038413e-c506-57da-9d55-79e140363f7e') on conflict (student_id) do update set class_id=excluded.class_id;
insert into public.student_finance (student_id,registration_fee,tuition_due,academic_year,total_due,access_state,updated_at) values ('a6960ef1-6324-5d93-95d8-b852fccfb54c',0,0,'2024-2025',0,'bloque',now()) on conflict (student_id) do update set academic_year=excluded.academic_year,access_state='bloque';
insert into public.class_members (class_id,student_id) values ('44075e95-ff67-5524-b9e6-04bb04496eea','a6960ef1-6324-5d93-95d8-b852fccfb54c') on conflict (student_id) do update set class_id=excluded.class_id;
insert into public.student_finance (student_id,registration_fee,tuition_due,academic_year,total_due,access_state,updated_at) values ('93665c70-68a9-53f9-9831-dfa1d1a45221',0,0,'2024-2025',0,'bloque',now()) on conflict (student_id) do update set academic_year=excluded.academic_year,access_state='bloque';
insert into public.class_members (class_id,student_id) values ('ed99fb9d-6a22-535b-a5ee-e7a9951f65cf','93665c70-68a9-53f9-9831-dfa1d1a45221') on conflict (student_id) do update set class_id=excluded.class_id;
insert into public.student_finance (student_id,registration_fee,tuition_due,academic_year,total_due,access_state,updated_at) values ('b066fc35-d2c4-5a4e-bfa8-8b8d8a45ef36',0,0,'2024-2025',0,'bloque',now()) on conflict (student_id) do update set academic_year=excluded.academic_year,access_state='bloque';
insert into public.class_members (class_id,student_id) values ('5ad24e80-9948-5d77-96f6-7f571025012d','b066fc35-d2c4-5a4e-bfa8-8b8d8a45ef36') on conflict (student_id) do update set class_id=excluded.class_id;
insert into public.student_finance (student_id,registration_fee,tuition_due,academic_year,total_due,access_state,updated_at) values ('319a56fd-c300-5302-9913-798d6cdd1790',0,0,'2024-2025',0,'bloque',now()) on conflict (student_id) do update set academic_year=excluded.academic_year,access_state='bloque';
insert into public.class_members (class_id,student_id) values ('4ed200c9-5390-5e51-ae92-3ad18d9f1158','319a56fd-c300-5302-9913-798d6cdd1790') on conflict (student_id) do update set class_id=excluded.class_id;
insert into public.student_finance (student_id,registration_fee,tuition_due,academic_year,total_due,access_state,updated_at) values ('09095960-2db5-530b-bda9-36c50893adc6',0,0,'2024-2025',0,'bloque',now()) on conflict (student_id) do update set academic_year=excluded.academic_year,access_state='bloque';
insert into public.class_members (class_id,student_id) values ('4ed200c9-5390-5e51-ae92-3ad18d9f1158','09095960-2db5-530b-bda9-36c50893adc6') on conflict (student_id) do update set class_id=excluded.class_id;
insert into public.student_finance (student_id,registration_fee,tuition_due,academic_year,total_due,access_state,updated_at) values ('cd4081e1-ea29-599c-9589-3b021c7fac22',0,0,'2024-2025',0,'bloque',now()) on conflict (student_id) do update set academic_year=excluded.academic_year,access_state='bloque';
insert into public.class_members (class_id,student_id) values ('4ed200c9-5390-5e51-ae92-3ad18d9f1158','cd4081e1-ea29-599c-9589-3b021c7fac22') on conflict (student_id) do update set class_id=excluded.class_id;
insert into public.student_finance (student_id,registration_fee,tuition_due,academic_year,total_due,access_state,updated_at) values ('cd2f07c9-7b61-57e9-ba2e-84f0c865d34f',0,0,'2024-2025',0,'bloque',now()) on conflict (student_id) do update set academic_year=excluded.academic_year,access_state='bloque';
insert into public.class_members (class_id,student_id) values ('bd901ca8-e276-5891-a2d1-619b71d4f491','cd2f07c9-7b61-57e9-ba2e-84f0c865d34f') on conflict (student_id) do update set class_id=excluded.class_id;
insert into public.student_finance (student_id,registration_fee,tuition_due,academic_year,total_due,access_state,updated_at) values ('81e4c44c-2289-5978-9665-f02c6f497c5d',0,0,'2024-2025',0,'bloque',now()) on conflict (student_id) do update set academic_year=excluded.academic_year,access_state='bloque';
insert into public.class_members (class_id,student_id) values ('5100b076-4e84-5872-8d21-e851c94946c8','81e4c44c-2289-5978-9665-f02c6f497c5d') on conflict (student_id) do update set class_id=excluded.class_id;
insert into public.student_finance (student_id,registration_fee,tuition_due,academic_year,total_due,access_state,updated_at) values ('80bf3908-f975-545f-98eb-bb7c9d1b3568',0,0,'2024-2025',0,'bloque',now()) on conflict (student_id) do update set academic_year=excluded.academic_year,access_state='bloque';
insert into public.class_members (class_id,student_id) values ('5100b076-4e84-5872-8d21-e851c94946c8','80bf3908-f975-545f-98eb-bb7c9d1b3568') on conflict (student_id) do update set class_id=excluded.class_id;
insert into public.student_finance (student_id,registration_fee,tuition_due,academic_year,total_due,access_state,updated_at) values ('71c843e9-03b7-5413-9a4f-10922b226290',0,0,'2024-2025',0,'bloque',now()) on conflict (student_id) do update set academic_year=excluded.academic_year,access_state='bloque';
insert into public.class_members (class_id,student_id) values ('bd901ca8-e276-5891-a2d1-619b71d4f491','71c843e9-03b7-5413-9a4f-10922b226290') on conflict (student_id) do update set class_id=excluded.class_id;
insert into public.student_finance (student_id,registration_fee,tuition_due,academic_year,total_due,access_state,updated_at) values ('8db36f28-a14e-5523-8c1e-7c2d70d9c613',0,0,'2024-2025',0,'bloque',now()) on conflict (student_id) do update set academic_year=excluded.academic_year,access_state='bloque';
insert into public.class_members (class_id,student_id) values ('bd901ca8-e276-5891-a2d1-619b71d4f491','8db36f28-a14e-5523-8c1e-7c2d70d9c613') on conflict (student_id) do update set class_id=excluded.class_id;
insert into public.student_finance (student_id,registration_fee,tuition_due,academic_year,total_due,access_state,updated_at) values ('a2478543-2f9c-5c48-b269-011465404441',0,0,'2024-2025',0,'bloque',now()) on conflict (student_id) do update set academic_year=excluded.academic_year,access_state='bloque';
insert into public.class_members (class_id,student_id) values ('8d0a1480-b646-5cf6-8365-1f910cfc03be','a2478543-2f9c-5c48-b269-011465404441') on conflict (student_id) do update set class_id=excluded.class_id;
insert into public.student_finance (student_id,registration_fee,tuition_due,academic_year,total_due,access_state,updated_at) values ('00ec64fa-f567-5a20-a721-2aa601f24678',0,0,'2024-2025',0,'bloque',now()) on conflict (student_id) do update set academic_year=excluded.academic_year,access_state='bloque';
insert into public.class_members (class_id,student_id) values ('bd901ca8-e276-5891-a2d1-619b71d4f491','00ec64fa-f567-5a20-a721-2aa601f24678') on conflict (student_id) do update set class_id=excluded.class_id;
insert into public.student_finance (student_id,registration_fee,tuition_due,academic_year,total_due,access_state,updated_at) values ('aee344b9-8830-589a-b43c-e1143d3004e4',0,0,'2024-2025',0,'bloque',now()) on conflict (student_id) do update set academic_year=excluded.academic_year,access_state='bloque';
insert into public.class_members (class_id,student_id) values ('9d3b5abf-44bb-5e72-bbc9-69ee2f4f2be6','aee344b9-8830-589a-b43c-e1143d3004e4') on conflict (student_id) do update set class_id=excluded.class_id;