-- IPMD — ARCHIVE etudiants 2022-2023 (email placeholder, acces bloque, sans finance)
-- A coller dans Supabase > SQL Editor. Idempotent.

insert into auth.users (instance_id,id,aud,role,email,encrypted_password,email_confirmed_at,raw_app_meta_data,raw_user_meta_data,created_at,updated_at,confirmation_token,email_change,email_change_token_new,recovery_token) values
('00000000-0000-0000-0000-000000000000','3dc93ceb-5e1f-577f-9c49-4f4b42af07ee','authenticated','authenticated','degbe.couessan.beni.samuel.esli.1@archive2223.ipmd.local',crypt('Archive2223!',gen_salt('bf')),now(),'{"provider":"email","providers":["email"]}','{}',now(),now(),'','','',''),
('00000000-0000-0000-0000-000000000000','180abc19-cb0d-5d80-8978-51ba8f5e1154','authenticated','authenticated','loukou.tony.evans.miessan.2@archive2223.ipmd.local',crypt('Archive2223!',gen_salt('bf')),now(),'{"provider":"email","providers":["email"]}','{}',now(),now(),'','','',''),
('00000000-0000-0000-0000-000000000000','67204506-ca9b-5119-822c-d94d4a4fc9d6','authenticated','authenticated','silue.kolo.abraham.3@archive2223.ipmd.local',crypt('Archive2223!',gen_salt('bf')),now(),'{"provider":"email","providers":["email"]}','{}',now(),now(),'','','',''),
('00000000-0000-0000-0000-000000000000','7a5d6cdb-f9c4-5541-9f44-9af755e757fd','authenticated','authenticated','camara.elie.abraham.albert.4@archive2223.ipmd.local',crypt('Archive2223!',gen_salt('bf')),now(),'{"provider":"email","providers":["email"]}','{}',now(),now(),'','','',''),
('00000000-0000-0000-0000-000000000000','f9f6ab06-406c-53d0-9b42-bbfad5d1eab2','authenticated','authenticated','diop.el.hadji.abdoul.5@archive2223.ipmd.local',crypt('Archive2223!',gen_salt('bf')),now(),'{"provider":"email","providers":["email"]}','{}',now(),now(),'','','',''),
('00000000-0000-0000-0000-000000000000','fcacafa3-cf3c-59be-8a8d-acebd97ea279','authenticated','authenticated','anet.emmanuel.adolphe.paul.eric.6@archive2223.ipmd.local',crypt('Archive2223!',gen_salt('bf')),now(),'{"provider":"email","providers":["email"]}','{}',now(),now(),'','','',''),
('00000000-0000-0000-0000-000000000000','5c249708-6824-55f8-aeb7-f1cd40530045','authenticated','authenticated','konate.cheick.salla.7@archive2223.ipmd.local',crypt('Archive2223!',gen_salt('bf')),now(),'{"provider":"email","providers":["email"]}','{}',now(),now(),'','','',''),
('00000000-0000-0000-0000-000000000000','aa99bcdc-894d-56ee-8697-61920bf42d48','authenticated','authenticated','haidara.yann.david.mustapha.8@archive2223.ipmd.local',crypt('Archive2223!',gen_salt('bf')),now(),'{"provider":"email","providers":["email"]}','{}',now(),now(),'','','',''),
('00000000-0000-0000-0000-000000000000','7d146ea2-778c-5d54-84d8-3bd4f42b6812','authenticated','authenticated','abdoul.rahamane.abdallah.dosso.9@archive2223.ipmd.local',crypt('Archive2223!',gen_salt('bf')),now(),'{"provider":"email","providers":["email"]}','{}',now(),now(),'','','',''),
('00000000-0000-0000-0000-000000000000','dd459f99-beb5-58f2-a0e5-3c75477a8aa6','authenticated','authenticated','koffi.tioman.bi.ange.vianney.10@archive2223.ipmd.local',crypt('Archive2223!',gen_salt('bf')),now(),'{"provider":"email","providers":["email"]}','{}',now(),now(),'','','',''),
('00000000-0000-0000-0000-000000000000','aca5d863-aa5e-53d3-b11c-edafd52ee2c6','authenticated','authenticated','adou.sheick.ibrahim.11@archive2223.ipmd.local',crypt('Archive2223!',gen_salt('bf')),now(),'{"provider":"email","providers":["email"]}','{}',now(),now(),'','','',''),
('00000000-0000-0000-0000-000000000000','30b9c48d-8234-5740-980c-60cae334a276','authenticated','authenticated','adou.yed.khalil.12@archive2223.ipmd.local',crypt('Archive2223!',gen_salt('bf')),now(),'{"provider":"email","providers":["email"]}','{}',now(),now(),'','','',''),
('00000000-0000-0000-0000-000000000000','b1a21ed5-0160-5757-aa92-49f81b7b2e25','authenticated','authenticated','aka.othniel.tanguy.13@archive2223.ipmd.local',crypt('Archive2223!',gen_salt('bf')),now(),'{"provider":"email","providers":["email"]}','{}',now(),now(),'','','',''),
('00000000-0000-0000-0000-000000000000','cd5d51e4-0a29-55c9-9f95-6fd9a98a1d18','authenticated','authenticated','kouame.prince.stephane.ckandhes.14@archive2223.ipmd.local',crypt('Archive2223!',gen_salt('bf')),now(),'{"provider":"email","providers":["email"]}','{}',now(),now(),'','','',''),
('00000000-0000-0000-0000-000000000000','85d655d8-56d8-58e3-9958-2c51daf262d2','authenticated','authenticated','alla.kouakou.emmanuel.15@archive2223.ipmd.local',crypt('Archive2223!',gen_salt('bf')),now(),'{"provider":"email","providers":["email"]}','{}',now(),now(),'','','',''),
('00000000-0000-0000-0000-000000000000','4112267c-1d34-53a0-a5d2-3bec86dbd6ec','authenticated','authenticated','ake.apo.jeanne.delhor.16@archive2223.ipmd.local',crypt('Archive2223!',gen_salt('bf')),now(),'{"provider":"email","providers":["email"]}','{}',now(),now(),'','','',''),
('00000000-0000-0000-0000-000000000000','6b3aa862-a914-5300-bf54-10073e0bf2a7','authenticated','authenticated','konan.madjouah.eunice.sophia.jeannette.17@archive2223.ipmd.local',crypt('Archive2223!',gen_salt('bf')),now(),'{"provider":"email","providers":["email"]}','{}',now(),now(),'','','',''),
('00000000-0000-0000-0000-000000000000','4b9f5d87-3661-5c27-8981-043910c591fc','authenticated','authenticated','konan.kouadio.richmond.18@archive2223.ipmd.local',crypt('Archive2223!',gen_salt('bf')),now(),'{"provider":"email","providers":["email"]}','{}',now(),now(),'','','',''),
('00000000-0000-0000-0000-000000000000','c69f9877-40e2-5075-9b2f-e141168583ee','authenticated','authenticated','anon.deh.gnagne.steve.allen.19@archive2223.ipmd.local',crypt('Archive2223!',gen_salt('bf')),now(),'{"provider":"email","providers":["email"]}','{}',now(),now(),'','','',''),
('00000000-0000-0000-0000-000000000000','c3786c98-4790-5f7c-8c70-961adb61c1e0','authenticated','authenticated','ouattara.akounda.zeinab.mariame.20@archive2223.ipmd.local',crypt('Archive2223!',gen_salt('bf')),now(),'{"provider":"email","providers":["email"]}','{}',now(),now(),'','','','')
on conflict (id) do nothing;

insert into public.profiles (id,email,full_name,role) values ('3dc93ceb-5e1f-577f-9c49-4f4b42af07ee','degbe.couessan.beni.samuel.esli.1@archive2223.ipmd.local','Degbe Couessan Beni Samuel Esli','etudiant') on conflict (id) do update set full_name=excluded.full_name;
insert into public.profiles (id,email,full_name,role) values ('180abc19-cb0d-5d80-8978-51ba8f5e1154','loukou.tony.evans.miessan.2@archive2223.ipmd.local','Loukou Tony Evans Miessan','etudiant') on conflict (id) do update set full_name=excluded.full_name;
insert into public.profiles (id,email,full_name,role) values ('67204506-ca9b-5119-822c-d94d4a4fc9d6','silue.kolo.abraham.3@archive2223.ipmd.local','Silue Kolo Abraham','etudiant') on conflict (id) do update set full_name=excluded.full_name;
insert into public.profiles (id,email,full_name,role) values ('7a5d6cdb-f9c4-5541-9f44-9af755e757fd','camara.elie.abraham.albert.4@archive2223.ipmd.local','Camara Elie Abraham Albert','etudiant') on conflict (id) do update set full_name=excluded.full_name;
insert into public.profiles (id,email,full_name,role) values ('f9f6ab06-406c-53d0-9b42-bbfad5d1eab2','diop.el.hadji.abdoul.5@archive2223.ipmd.local','Diop El-Hadji Abdoul','etudiant') on conflict (id) do update set full_name=excluded.full_name;
insert into public.profiles (id,email,full_name,role) values ('fcacafa3-cf3c-59be-8a8d-acebd97ea279','anet.emmanuel.adolphe.paul.eric.6@archive2223.ipmd.local','Anet Emmanuel Adolphe Paul-Eric','etudiant') on conflict (id) do update set full_name=excluded.full_name;
insert into public.profiles (id,email,full_name,role) values ('5c249708-6824-55f8-aeb7-f1cd40530045','konate.cheick.salla.7@archive2223.ipmd.local','Konate Cheick Salla','etudiant') on conflict (id) do update set full_name=excluded.full_name;
insert into public.profiles (id,email,full_name,role) values ('aa99bcdc-894d-56ee-8697-61920bf42d48','haidara.yann.david.mustapha.8@archive2223.ipmd.local','Haidara Yann David Mustapha','etudiant') on conflict (id) do update set full_name=excluded.full_name;
insert into public.profiles (id,email,full_name,role) values ('7d146ea2-778c-5d54-84d8-3bd4f42b6812','abdoul.rahamane.abdallah.dosso.9@archive2223.ipmd.local','Abdoul Rahamane Abdallah Dosso','etudiant') on conflict (id) do update set full_name=excluded.full_name;
insert into public.profiles (id,email,full_name,role) values ('dd459f99-beb5-58f2-a0e5-3c75477a8aa6','koffi.tioman.bi.ange.vianney.10@archive2223.ipmd.local','Koffi Tioman Bi Ange Vianney','etudiant') on conflict (id) do update set full_name=excluded.full_name;
insert into public.profiles (id,email,full_name,role) values ('aca5d863-aa5e-53d3-b11c-edafd52ee2c6','adou.sheick.ibrahim.11@archive2223.ipmd.local','Adou Sheick Ibrahim','etudiant') on conflict (id) do update set full_name=excluded.full_name;
insert into public.profiles (id,email,full_name,role) values ('30b9c48d-8234-5740-980c-60cae334a276','adou.yed.khalil.12@archive2223.ipmd.local','Adou Yed Khalil','etudiant') on conflict (id) do update set full_name=excluded.full_name;
insert into public.profiles (id,email,full_name,role) values ('b1a21ed5-0160-5757-aa92-49f81b7b2e25','aka.othniel.tanguy.13@archive2223.ipmd.local','Aka Othniel Tanguy','etudiant') on conflict (id) do update set full_name=excluded.full_name;
insert into public.profiles (id,email,full_name,role) values ('cd5d51e4-0a29-55c9-9f95-6fd9a98a1d18','kouame.prince.stephane.ckandhes.14@archive2223.ipmd.local','Kouame Prince Stéphane Ckandhès','etudiant') on conflict (id) do update set full_name=excluded.full_name;
insert into public.profiles (id,email,full_name,role) values ('85d655d8-56d8-58e3-9958-2c51daf262d2','alla.kouakou.emmanuel.15@archive2223.ipmd.local','Alla Kouakou Emmanuel','etudiant') on conflict (id) do update set full_name=excluded.full_name;
insert into public.profiles (id,email,full_name,role) values ('4112267c-1d34-53a0-a5d2-3bec86dbd6ec','ake.apo.jeanne.delhor.16@archive2223.ipmd.local','Ake Apo Jeanne Delhor','etudiant') on conflict (id) do update set full_name=excluded.full_name;
insert into public.profiles (id,email,full_name,role) values ('6b3aa862-a914-5300-bf54-10073e0bf2a7','konan.madjouah.eunice.sophia.jeannette.17@archive2223.ipmd.local','Konan Madjouah Eunice Sophia Jeannette','etudiant') on conflict (id) do update set full_name=excluded.full_name;
insert into public.profiles (id,email,full_name,role) values ('4b9f5d87-3661-5c27-8981-043910c591fc','konan.kouadio.richmond.18@archive2223.ipmd.local','Konan Kouadio Richmond','etudiant') on conflict (id) do update set full_name=excluded.full_name;
insert into public.profiles (id,email,full_name,role) values ('c69f9877-40e2-5075-9b2f-e141168583ee','anon.deh.gnagne.steve.allen.19@archive2223.ipmd.local','Anon Deh Gnagne Steve Allen','etudiant') on conflict (id) do update set full_name=excluded.full_name;
insert into public.profiles (id,email,full_name,role) values ('c3786c98-4790-5f7c-8c70-961adb61c1e0','ouattara.akounda.zeinab.mariame.20@archive2223.ipmd.local','Ouattara Akounda Zeïnab Mariame','etudiant') on conflict (id) do update set full_name=excluded.full_name;

insert into public.classes (id,name,level,academic_year,intake,class_type) values ('ff0622c2-ae8b-5187-9ec9-c58c5a88d5e3','Licence 1 Marketing Digital — 2022-2023','Licence 1','2022-2023','2022-2023','initial') on conflict (id) do update set name=excluded.name;
insert into public.classes (id,name,level,academic_year,intake,class_type) values ('2d0a24b9-4ade-5f15-882d-a5304d0b4e1a','Licence 1 Informatique Et Intelligence Artificielle — 2022-2023','Licence 1','2022-2023','2022-2023','initial') on conflict (id) do update set name=excluded.name;
insert into public.classes (id,name,level,academic_year,intake,class_type) values ('599d543b-2a90-5f05-b1c6-f03cf4899a9f','Licence 1 E-Commerce Et Commerce International — 2022-2023','Licence 1','2022-2023','2022-2023','initial') on conflict (id) do update set name=excluded.name;
insert into public.classes (id,name,level,academic_year,intake,class_type) values ('d7a1e266-c668-5b99-b9c3-156d28bc3aaf','Licence 2 Comptabilite Et Finance Digitale — 2022-2023','Licence 2','2022-2023','2022-2023','initial') on conflict (id) do update set name=excluded.name;
insert into public.classes (id,name,level,academic_year,intake,class_type) values ('54372293-da8b-5184-85f4-faabf48488c9','Licence 2 Communication Digitale — 2022-2023','Licence 2','2022-2023','2022-2023','initial') on conflict (id) do update set name=excluded.name;
insert into public.classes (id,name,level,academic_year,intake,class_type) values ('5e67e0e4-f04d-586d-8b19-ae62d19ca6b5','Licence 2 Marketing Digital — 2022-2023','Licence 2','2022-2023','2022-2023','initial') on conflict (id) do update set name=excluded.name;
insert into public.classes (id,name,level,academic_year,intake,class_type) values ('e7da5e41-d4ee-5d33-8864-cf426ffa05b4','Licence 3 Comptabilite Et Finance Digitale — 2022-2023','Licence 3','2022-2023','2022-2023','initial') on conflict (id) do update set name=excluded.name;
insert into public.classes (id,name,level,academic_year,intake,class_type) values ('6c462467-146a-5e65-a98c-0656dc65438b','Master 1 Marketing Digital — 2022-2023','Master 1','2022-2023','2022-2023','initial') on conflict (id) do update set name=excluded.name;
insert into public.classes (id,name,level,academic_year,intake,class_type) values ('803ecc2f-f979-58f2-a781-3f5dd19c546d','Master 1 E-Commerce Et Commerce International — 2022-2023','Master 1','2022-2023','2022-2023','initial') on conflict (id) do update set name=excluded.name;

insert into public.student_finance (student_id,registration_fee,tuition_due,academic_year,total_due,access_state,updated_at) values ('3dc93ceb-5e1f-577f-9c49-4f4b42af07ee',0,0,'2022-2023',0,'bloque',now()) on conflict (student_id) do update set academic_year=excluded.academic_year,access_state='bloque';
insert into public.class_members (class_id,student_id) values ('ff0622c2-ae8b-5187-9ec9-c58c5a88d5e3','3dc93ceb-5e1f-577f-9c49-4f4b42af07ee') on conflict (student_id) do update set class_id=excluded.class_id;
insert into public.student_finance (student_id,registration_fee,tuition_due,academic_year,total_due,access_state,updated_at) values ('180abc19-cb0d-5d80-8978-51ba8f5e1154',0,0,'2022-2023',0,'bloque',now()) on conflict (student_id) do update set academic_year=excluded.academic_year,access_state='bloque';
insert into public.class_members (class_id,student_id) values ('2d0a24b9-4ade-5f15-882d-a5304d0b4e1a','180abc19-cb0d-5d80-8978-51ba8f5e1154') on conflict (student_id) do update set class_id=excluded.class_id;
insert into public.student_finance (student_id,registration_fee,tuition_due,academic_year,total_due,access_state,updated_at) values ('67204506-ca9b-5119-822c-d94d4a4fc9d6',0,0,'2022-2023',0,'bloque',now()) on conflict (student_id) do update set academic_year=excluded.academic_year,access_state='bloque';
insert into public.class_members (class_id,student_id) values ('ff0622c2-ae8b-5187-9ec9-c58c5a88d5e3','67204506-ca9b-5119-822c-d94d4a4fc9d6') on conflict (student_id) do update set class_id=excluded.class_id;
insert into public.student_finance (student_id,registration_fee,tuition_due,academic_year,total_due,access_state,updated_at) values ('7a5d6cdb-f9c4-5541-9f44-9af755e757fd',0,0,'2022-2023',0,'bloque',now()) on conflict (student_id) do update set academic_year=excluded.academic_year,access_state='bloque';
insert into public.class_members (class_id,student_id) values ('599d543b-2a90-5f05-b1c6-f03cf4899a9f','7a5d6cdb-f9c4-5541-9f44-9af755e757fd') on conflict (student_id) do update set class_id=excluded.class_id;
insert into public.student_finance (student_id,registration_fee,tuition_due,academic_year,total_due,access_state,updated_at) values ('f9f6ab06-406c-53d0-9b42-bbfad5d1eab2',0,0,'2022-2023',0,'bloque',now()) on conflict (student_id) do update set academic_year=excluded.academic_year,access_state='bloque';
insert into public.class_members (class_id,student_id) values ('ff0622c2-ae8b-5187-9ec9-c58c5a88d5e3','f9f6ab06-406c-53d0-9b42-bbfad5d1eab2') on conflict (student_id) do update set class_id=excluded.class_id;
insert into public.student_finance (student_id,registration_fee,tuition_due,academic_year,total_due,access_state,updated_at) values ('fcacafa3-cf3c-59be-8a8d-acebd97ea279',0,0,'2022-2023',0,'bloque',now()) on conflict (student_id) do update set academic_year=excluded.academic_year,access_state='bloque';
insert into public.class_members (class_id,student_id) values ('ff0622c2-ae8b-5187-9ec9-c58c5a88d5e3','fcacafa3-cf3c-59be-8a8d-acebd97ea279') on conflict (student_id) do update set class_id=excluded.class_id;
insert into public.student_finance (student_id,registration_fee,tuition_due,academic_year,total_due,access_state,updated_at) values ('5c249708-6824-55f8-aeb7-f1cd40530045',0,0,'2022-2023',0,'bloque',now()) on conflict (student_id) do update set academic_year=excluded.academic_year,access_state='bloque';
insert into public.class_members (class_id,student_id) values ('ff0622c2-ae8b-5187-9ec9-c58c5a88d5e3','5c249708-6824-55f8-aeb7-f1cd40530045') on conflict (student_id) do update set class_id=excluded.class_id;
insert into public.student_finance (student_id,registration_fee,tuition_due,academic_year,total_due,access_state,updated_at) values ('aa99bcdc-894d-56ee-8697-61920bf42d48',0,0,'2022-2023',0,'bloque',now()) on conflict (student_id) do update set academic_year=excluded.academic_year,access_state='bloque';
insert into public.class_members (class_id,student_id) values ('ff0622c2-ae8b-5187-9ec9-c58c5a88d5e3','aa99bcdc-894d-56ee-8697-61920bf42d48') on conflict (student_id) do update set class_id=excluded.class_id;
insert into public.student_finance (student_id,registration_fee,tuition_due,academic_year,total_due,access_state,updated_at) values ('7d146ea2-778c-5d54-84d8-3bd4f42b6812',0,0,'2022-2023',0,'bloque',now()) on conflict (student_id) do update set academic_year=excluded.academic_year,access_state='bloque';
insert into public.class_members (class_id,student_id) values ('2d0a24b9-4ade-5f15-882d-a5304d0b4e1a','7d146ea2-778c-5d54-84d8-3bd4f42b6812') on conflict (student_id) do update set class_id=excluded.class_id;
insert into public.student_finance (student_id,registration_fee,tuition_due,academic_year,total_due,access_state,updated_at) values ('dd459f99-beb5-58f2-a0e5-3c75477a8aa6',0,0,'2022-2023',0,'bloque',now()) on conflict (student_id) do update set academic_year=excluded.academic_year,access_state='bloque';
insert into public.class_members (class_id,student_id) values ('2d0a24b9-4ade-5f15-882d-a5304d0b4e1a','dd459f99-beb5-58f2-a0e5-3c75477a8aa6') on conflict (student_id) do update set class_id=excluded.class_id;
insert into public.student_finance (student_id,registration_fee,tuition_due,academic_year,total_due,access_state,updated_at) values ('aca5d863-aa5e-53d3-b11c-edafd52ee2c6',0,0,'2022-2023',0,'bloque',now()) on conflict (student_id) do update set academic_year=excluded.academic_year,access_state='bloque';
insert into public.class_members (class_id,student_id) values ('ff0622c2-ae8b-5187-9ec9-c58c5a88d5e3','aca5d863-aa5e-53d3-b11c-edafd52ee2c6') on conflict (student_id) do update set class_id=excluded.class_id;
insert into public.student_finance (student_id,registration_fee,tuition_due,academic_year,total_due,access_state,updated_at) values ('30b9c48d-8234-5740-980c-60cae334a276',0,0,'2022-2023',0,'bloque',now()) on conflict (student_id) do update set academic_year=excluded.academic_year,access_state='bloque';
insert into public.class_members (class_id,student_id) values ('d7a1e266-c668-5b99-b9c3-156d28bc3aaf','30b9c48d-8234-5740-980c-60cae334a276') on conflict (student_id) do update set class_id=excluded.class_id;
insert into public.student_finance (student_id,registration_fee,tuition_due,academic_year,total_due,access_state,updated_at) values ('b1a21ed5-0160-5757-aa92-49f81b7b2e25',0,0,'2022-2023',0,'bloque',now()) on conflict (student_id) do update set academic_year=excluded.academic_year,access_state='bloque';
insert into public.class_members (class_id,student_id) values ('54372293-da8b-5184-85f4-faabf48488c9','b1a21ed5-0160-5757-aa92-49f81b7b2e25') on conflict (student_id) do update set class_id=excluded.class_id;
insert into public.student_finance (student_id,registration_fee,tuition_due,academic_year,total_due,access_state,updated_at) values ('cd5d51e4-0a29-55c9-9f95-6fd9a98a1d18',0,0,'2022-2023',0,'bloque',now()) on conflict (student_id) do update set academic_year=excluded.academic_year,access_state='bloque';
insert into public.class_members (class_id,student_id) values ('5e67e0e4-f04d-586d-8b19-ae62d19ca6b5','cd5d51e4-0a29-55c9-9f95-6fd9a98a1d18') on conflict (student_id) do update set class_id=excluded.class_id;
insert into public.student_finance (student_id,registration_fee,tuition_due,academic_year,total_due,access_state,updated_at) values ('85d655d8-56d8-58e3-9958-2c51daf262d2',0,0,'2022-2023',0,'bloque',now()) on conflict (student_id) do update set academic_year=excluded.academic_year,access_state='bloque';
insert into public.class_members (class_id,student_id) values ('5e67e0e4-f04d-586d-8b19-ae62d19ca6b5','85d655d8-56d8-58e3-9958-2c51daf262d2') on conflict (student_id) do update set class_id=excluded.class_id;
insert into public.student_finance (student_id,registration_fee,tuition_due,academic_year,total_due,access_state,updated_at) values ('4112267c-1d34-53a0-a5d2-3bec86dbd6ec',0,0,'2022-2023',0,'bloque',now()) on conflict (student_id) do update set academic_year=excluded.academic_year,access_state='bloque';
insert into public.class_members (class_id,student_id) values ('5e67e0e4-f04d-586d-8b19-ae62d19ca6b5','4112267c-1d34-53a0-a5d2-3bec86dbd6ec') on conflict (student_id) do update set class_id=excluded.class_id;
insert into public.student_finance (student_id,registration_fee,tuition_due,academic_year,total_due,access_state,updated_at) values ('6b3aa862-a914-5300-bf54-10073e0bf2a7',0,0,'2022-2023',0,'bloque',now()) on conflict (student_id) do update set academic_year=excluded.academic_year,access_state='bloque';
insert into public.class_members (class_id,student_id) values ('5e67e0e4-f04d-586d-8b19-ae62d19ca6b5','6b3aa862-a914-5300-bf54-10073e0bf2a7') on conflict (student_id) do update set class_id=excluded.class_id;
insert into public.student_finance (student_id,registration_fee,tuition_due,academic_year,total_due,access_state,updated_at) values ('4b9f5d87-3661-5c27-8981-043910c591fc',0,0,'2022-2023',0,'bloque',now()) on conflict (student_id) do update set academic_year=excluded.academic_year,access_state='bloque';
insert into public.class_members (class_id,student_id) values ('e7da5e41-d4ee-5d33-8864-cf426ffa05b4','4b9f5d87-3661-5c27-8981-043910c591fc') on conflict (student_id) do update set class_id=excluded.class_id;
insert into public.student_finance (student_id,registration_fee,tuition_due,academic_year,total_due,access_state,updated_at) values ('c69f9877-40e2-5075-9b2f-e141168583ee',0,0,'2022-2023',0,'bloque',now()) on conflict (student_id) do update set academic_year=excluded.academic_year,access_state='bloque';
insert into public.class_members (class_id,student_id) values ('6c462467-146a-5e65-a98c-0656dc65438b','c69f9877-40e2-5075-9b2f-e141168583ee') on conflict (student_id) do update set class_id=excluded.class_id;
insert into public.student_finance (student_id,registration_fee,tuition_due,academic_year,total_due,access_state,updated_at) values ('c3786c98-4790-5f7c-8c70-961adb61c1e0',0,0,'2022-2023',0,'bloque',now()) on conflict (student_id) do update set academic_year=excluded.academic_year,access_state='bloque';
insert into public.class_members (class_id,student_id) values ('803ecc2f-f979-58f2-a781-3f5dd19c546d','c3786c98-4790-5f7c-8c70-961adb61c1e0') on conflict (student_id) do update set class_id=excluded.class_id;