-- IPMD — IMPORT anciens etudiants (Zoho: Contacts+Factures+Paiements)
-- Comptes + profils + coordonnees + niveau/formation + finance + paiements reels.
-- A coller dans Supabase > SQL Editor. Idempotent. Mot de passe provisoire: ImpdReprise2026!

insert into auth.users (instance_id,id,aud,role,email,encrypted_password,email_confirmed_at,raw_app_meta_data,raw_user_meta_data,created_at,updated_at,confirmation_token,email_change,email_change_token_new,recovery_token) values
('00000000-0000-0000-0000-000000000000','e2212f54-fa93-5335-80aa-26d442381e8e','authenticated','authenticated','kadjodaph47@gmail.com',crypt('ImpdReprise2026!',gen_salt('bf')),now(),'{"provider":"email","providers":["email"]}','{}',now(),now(),'','','',''),
('00000000-0000-0000-0000-000000000000','5f16bece-f67a-514f-8e93-ba3845994696','authenticated','authenticated','jeguskouakou@gmail.com',crypt('ImpdReprise2026!',gen_salt('bf')),now(),'{"provider":"email","providers":["email"]}','{}',now(),now(),'','','',''),
('00000000-0000-0000-0000-000000000000','eba77e23-bfa3-5a0b-9204-458f135cca3e','authenticated','authenticated','dibymo@gmail.com',crypt('ImpdReprise2026!',gen_salt('bf')),now(),'{"provider":"email","providers":["email"]}','{}',now(),now(),'','','',''),
('00000000-0000-0000-0000-000000000000','8cdb27aa-efb7-586f-bc87-aa4867cb38fb','authenticated','authenticated','toe53079@gmail.com',crypt('ImpdReprise2026!',gen_salt('bf')),now(),'{"provider":"email","providers":["email"]}','{}',now(),now(),'','','',''),
('00000000-0000-0000-0000-000000000000','c9f540f0-19bc-5949-9096-46c2d81a426e','authenticated','authenticated','cevayeooo@icloud.com',crypt('ImpdReprise2026!',gen_salt('bf')),now(),'{"provider":"email","providers":["email"]}','{}',now(),now(),'','','',''),
('00000000-0000-0000-0000-000000000000','e8de414a-4713-5bf8-9207-47a170c1a8e5','authenticated','authenticated','juniorchooh@gmail.com',crypt('ImpdReprise2026!',gen_salt('bf')),now(),'{"provider":"email","providers":["email"]}','{}',now(),now(),'','','',''),
('00000000-0000-0000-0000-000000000000','192d21b3-797d-5333-af90-f78a5c1e92a1','authenticated','authenticated','ahoussiahoussi4@gmail.com',crypt('ImpdReprise2026!',gen_salt('bf')),now(),'{"provider":"email","providers":["email"]}','{}',now(),now(),'','','',''),
('00000000-0000-0000-0000-000000000000','e05ded32-146c-5d6e-8890-a4e5b9064bc7','authenticated','authenticated','adoulevi.06@gmail.com',crypt('ImpdReprise2026!',gen_salt('bf')),now(),'{"provider":"email","providers":["email"]}','{}',now(),now(),'','','',''),
('00000000-0000-0000-0000-000000000000','4fae95f8-7ba3-5e68-8f74-c62dc00410ec','authenticated','authenticated','0153041993marie@gmail.com',crypt('ImpdReprise2026!',gen_salt('bf')),now(),'{"provider":"email","providers":["email"]}','{}',now(),now(),'','','',''),
('00000000-0000-0000-0000-000000000000','967426d5-7b10-56a2-bafe-1c2ad2af7803','authenticated','authenticated','koffiangevianney4@gmail.com',crypt('ImpdReprise2026!',gen_salt('bf')),now(),'{"provider":"email","providers":["email"]}','{}',now(),now(),'','','',''),
('00000000-0000-0000-0000-000000000000','e3df824b-0276-5765-a91e-78f490bb4739','authenticated','authenticated','onglafissou@gmail.com',crypt('ImpdReprise2026!',gen_salt('bf')),now(),'{"provider":"email","providers":["email"]}','{}',now(),now(),'','','',''),
('00000000-0000-0000-0000-000000000000','c0768705-0fc5-5a17-97b4-c01fd49e4f4e','authenticated','authenticated','felixgautier13@gmail.com',crypt('ImpdReprise2026!',gen_salt('bf')),now(),'{"provider":"email","providers":["email"]}','{}',now(),now(),'','','',''),
('00000000-0000-0000-0000-000000000000','a2f82306-9754-5483-b77a-c54a1fb8d194','authenticated','authenticated','rto@gmail.com',crypt('ImpdReprise2026!',gen_salt('bf')),now(),'{"provider":"email","providers":["email"]}','{}',now(),now(),'','','',''),
('00000000-0000-0000-0000-000000000000','4a4a3840-77ee-555c-957c-047bafa3f327','authenticated','authenticated','yvesrolandake@gmail.com',crypt('ImpdReprise2026!',gen_salt('bf')),now(),'{"provider":"email","providers":["email"]}','{}',now(),now(),'','','',''),
('00000000-0000-0000-0000-000000000000','2663c22e-06f7-51af-a1d4-3426e95b12d1','authenticated','authenticated','mariamfofana8840@gmail.com',crypt('ImpdReprise2026!',gen_salt('bf')),now(),'{"provider":"email","providers":["email"]}','{}',now(),now(),'','','',''),
('00000000-0000-0000-0000-000000000000','9b898faf-96c0-589a-8793-887a381d5061','authenticated','authenticated','etonian22@gmail.com',crypt('ImpdReprise2026!',gen_salt('bf')),now(),'{"provider":"email","providers":["email"]}','{}',now(),now(),'','','',''),
('00000000-0000-0000-0000-000000000000','0229a373-f863-5c1a-b785-5c9ab44b856a','authenticated','authenticated','lilguccimed@gmail.com',crypt('ImpdReprise2026!',gen_salt('bf')),now(),'{"provider":"email","providers":["email"]}','{}',now(),now(),'','','',''),
('00000000-0000-0000-0000-000000000000','e66e1d62-088a-5859-a491-6a2af1839da3','authenticated','authenticated','ykflavien@gmail.com',crypt('ImpdReprise2026!',gen_salt('bf')),now(),'{"provider":"email","providers":["email"]}','{}',now(),now(),'','','',''),
('00000000-0000-0000-0000-000000000000','90a88e91-401e-5f58-a3fc-a4f55d9530c9','authenticated','authenticated','africabestsarl@gmail.com',crypt('ImpdReprise2026!',gen_salt('bf')),now(),'{"provider":"email","providers":["email"]}','{}',now(),now(),'','','','')
on conflict (id) do nothing;

insert into public.profiles (id,email,full_name,role,phone,whatsapp,personal_email) values ('e2212f54-fa93-5335-80aa-26d442381e8e','kadjodaph47@gmail.com','KADJO Amangala Koffibra Dphnée Cathérine Lisette','etudiant','+225 0747855115','+225 0747855115','kadjodaph47@gmail.com') on conflict (id) do update set full_name=excluded.full_name,role=excluded.role,phone=excluded.phone,whatsapp=excluded.whatsapp,personal_email=excluded.personal_email;
insert into public.profiles (id,email,full_name,role,phone,whatsapp,personal_email) values ('5f16bece-f67a-514f-8e93-ba3845994696','jeguskouakou@gmail.com','KOUAKOU, Jean Alex Bertrand','etudiant','0759035950','0759035950','jeguskouakou@gmail.com') on conflict (id) do update set full_name=excluded.full_name,role=excluded.role,phone=excluded.phone,whatsapp=excluded.whatsapp,personal_email=excluded.personal_email;
insert into public.profiles (id,email,full_name,role,phone,whatsapp,personal_email) values ('eba77e23-bfa3-5a0b-9204-458f135cca3e','dibymo@gmail.com','DIBY Marc Olivier','etudiant','0711582966','0711582966','dibymo@gmail.com') on conflict (id) do update set full_name=excluded.full_name,role=excluded.role,phone=excluded.phone,whatsapp=excluded.whatsapp,personal_email=excluded.personal_email;
insert into public.profiles (id,email,full_name,role,phone,whatsapp,personal_email) values ('8cdb27aa-efb7-586f-bc87-aa4867cb38fb','toe53079@gmail.com','TOE Alex Rayan Zenon','etudiant','0767999732','0767999732','toe53079@gmail.com') on conflict (id) do update set full_name=excluded.full_name,role=excluded.role,phone=excluded.phone,whatsapp=excluded.whatsapp,personal_email=excluded.personal_email;
insert into public.profiles (id,email,full_name,role,phone,whatsapp,personal_email) values ('c9f540f0-19bc-5949-9096-46c2d81a426e','cevayeooo@icloud.com','YEO Klotioleiman Nargata Marianne Elodie','etudiant','05 45 84 56 89','05 45 84 56 89','cevayeooo@icloud.com') on conflict (id) do update set full_name=excluded.full_name,role=excluded.role,phone=excluded.phone,whatsapp=excluded.whatsapp,personal_email=excluded.personal_email;
insert into public.profiles (id,email,full_name,role,phone,whatsapp,personal_email) values ('e8de414a-4713-5bf8-9207-47a170c1a8e5','juniorchooh@gmail.com','CHOOH Christ Junior','etudiant','07 77 64 98 27','07 77 64 98 27','juniorchooh@gmail.com') on conflict (id) do update set full_name=excluded.full_name,role=excluded.role,phone=excluded.phone,whatsapp=excluded.whatsapp,personal_email=excluded.personal_email;
insert into public.profiles (id,email,full_name,role,phone,whatsapp,personal_email) values ('192d21b3-797d-5333-af90-f78a5c1e92a1','ahoussiahoussi4@gmail.com','AHOUSSI Ahoussi Christ David Théophane','etudiant','0707868893','0707868893','ahoussiahoussi4@gmail.com') on conflict (id) do update set full_name=excluded.full_name,role=excluded.role,phone=excluded.phone,whatsapp=excluded.whatsapp,personal_email=excluded.personal_email;
insert into public.profiles (id,email,full_name,role,phone,whatsapp,personal_email) values ('e05ded32-146c-5d6e-8890-a4e5b9064bc7','adoulevi.06@gmail.com','ADOU Lévi Emmanuel Jean Mathieu','etudiant','+225 07 88 27 43 11','+225 07 88 27 43 11','adoulevi.06@gmail.com') on conflict (id) do update set full_name=excluded.full_name,role=excluded.role,phone=excluded.phone,whatsapp=excluded.whatsapp,personal_email=excluded.personal_email;
insert into public.profiles (id,email,full_name,role,phone,whatsapp,personal_email) values ('4fae95f8-7ba3-5e68-8f74-c62dc00410ec','0153041993marie@gmail.com','KOBENAN AMAN MARIE ANGE','etudiant','0153041993','0153041993','0153041993marie@gmail.com') on conflict (id) do update set full_name=excluded.full_name,role=excluded.role,phone=excluded.phone,whatsapp=excluded.whatsapp,personal_email=excluded.personal_email;
insert into public.profiles (id,email,full_name,role,phone,whatsapp,personal_email) values ('967426d5-7b10-56a2-bafe-1c2ad2af7803','koffiangevianney4@gmail.com','KOFFI Tioman bi ange Vianney','etudiant','0748164973','0748164973','koffiangevianney4@gmail.com') on conflict (id) do update set full_name=excluded.full_name,role=excluded.role,phone=excluded.phone,whatsapp=excluded.whatsapp,personal_email=excluded.personal_email;
insert into public.profiles (id,email,full_name,role,phone,whatsapp,personal_email) values ('e3df824b-0276-5765-a91e-78f490bb4739','onglafissou@gmail.com','SILLA Idriss Emmanuel','professionnel','0505594200','0505594200','onglafissou@gmail.com') on conflict (id) do update set full_name=excluded.full_name,role=excluded.role,phone=excluded.phone,whatsapp=excluded.whatsapp,personal_email=excluded.personal_email;
insert into public.profiles (id,email,full_name,role,phone,whatsapp,personal_email) values ('c0768705-0fc5-5a17-97b4-c01fd49e4f4e','felixgautier13@gmail.com','AKOTO, YAO KPAELE FELIX-GAUTIER','professionnel','0716217162','0716217162','felixgautier13@gmail.com') on conflict (id) do update set full_name=excluded.full_name,role=excluded.role,phone=excluded.phone,whatsapp=excluded.whatsapp,personal_email=excluded.personal_email;
insert into public.profiles (id,email,full_name,role,phone,whatsapp,personal_email) values ('a2f82306-9754-5483-b77a-c54a1fb8d194','rto@gmail.com','M. Alex Rayan TOE','etudiant','+225-0767999732','+225-0767999732','rto@gmail.com') on conflict (id) do update set full_name=excluded.full_name,role=excluded.role,phone=excluded.phone,whatsapp=excluded.whatsapp,personal_email=excluded.personal_email;
insert into public.profiles (id,email,full_name,role,phone,whatsapp,personal_email) values ('4a4a3840-77ee-555c-957c-047bafa3f327','yvesrolandake@gmail.com','M. Amondji Yves Roland AKE','etudiant','+225-0747881198','+225-0747881198','yvesrolandake@gmail.com') on conflict (id) do update set full_name=excluded.full_name,role=excluded.role,phone=excluded.phone,whatsapp=excluded.whatsapp,personal_email=excluded.personal_email;
insert into public.profiles (id,email,full_name,role,phone,whatsapp,personal_email) values ('2663c22e-06f7-51af-a1d4-3426e95b12d1','mariamfofana8840@gmail.com','FOFANA, Maridjaratou Mariame','professionnel','+225-0788400245','+225-0788400245','mariamfofana8840@gmail.com') on conflict (id) do update set full_name=excluded.full_name,role=excluded.role,phone=excluded.phone,whatsapp=excluded.whatsapp,personal_email=excluded.personal_email;
insert into public.profiles (id,email,full_name,role,phone,whatsapp,personal_email) values ('9b898faf-96c0-589a-8793-887a381d5061','etonian22@gmail.com','TONIAN, Eliam Aka','etudiant','+225-0173619630','+225-0173619630','etonian22@gmail.com') on conflict (id) do update set full_name=excluded.full_name,role=excluded.role,phone=excluded.phone,whatsapp=excluded.whatsapp,personal_email=excluded.personal_email;
insert into public.profiles (id,email,full_name,role,phone,whatsapp,personal_email) values ('0229a373-f863-5c1a-b785-5c9ab44b856a','lilguccimed@gmail.com','IBRAHIM BAEED','etudiant','+225-0555253636','+225-0555253636','lilguccimed@gmail.com') on conflict (id) do update set full_name=excluded.full_name,role=excluded.role,phone=excluded.phone,whatsapp=excluded.whatsapp,personal_email=excluded.personal_email;
insert into public.profiles (id,email,full_name,role,phone,whatsapp,personal_email) values ('e66e1d62-088a-5859-a491-6a2af1839da3','ykflavien@gmail.com','Ahou Debora Eunice KOUAME','etudiant','+225-0104706645','+225-0104706645','ykflavien@gmail.com') on conflict (id) do update set full_name=excluded.full_name,role=excluded.role,phone=excluded.phone,whatsapp=excluded.whatsapp,personal_email=excluded.personal_email;
insert into public.profiles (id,email,full_name,role,phone,whatsapp,personal_email) values ('90a88e91-401e-5f58-a3fc-a4f55d9530c9','africabestsarl@gmail.com','AFRICA BEST','professionnel','+225-0707007674','+225-0707007674','africabestsarl@gmail.com') on conflict (id) do update set full_name=excluded.full_name,role=excluded.role,phone=excluded.phone,whatsapp=excluded.whatsapp,personal_email=excluded.personal_email;

insert into public.student_finance (student_id,registration_fee,tuition_due,discount_rate,level,program,academic_year,total_due,access_state,updated_at) values ('e2212f54-fa93-5335-80aa-26d442381e8e',300000,2280000,0,'Master 2','Marketing digital','2025-2026',2580000,'actif',now()) on conflict (student_id) do update set registration_fee=excluded.registration_fee,tuition_due=excluded.tuition_due,level=excluded.level,program=excluded.program,total_due=excluded.total_due,access_state=excluded.access_state;
delete from public.payments where student_id='e2212f54-fa93-5335-80aa-26d442381e8e' and observation='Import Zoho';
insert into public.payments (student_id,amount,method,kind,reference,label,paid_at,observation) values ('e2212f54-fa93-5335-80aa-26d442381e8e',300000,'Wave','inscription','IPMD0004','Inscription Master 2','2025-10-14','Import Zoho');
insert into public.payments (student_id,amount,method,kind,reference,label,paid_at,observation) values ('e2212f54-fa93-5335-80aa-26d442381e8e',300000,'Wave','scolarite','IPMD0014','Acompte sur scolarité  Master 2','2025-12-01','Import Zoho');
insert into public.payments (student_id,amount,method,kind,reference,label,paid_at,observation) values ('e2212f54-fa93-5335-80aa-26d442381e8e',300000,'Wave','scolarite','IPMD00024','Acompte sur scolarité  Master 2','2025-10-31','Import Zoho');
insert into public.payments (student_id,amount,method,kind,reference,label,paid_at,observation) values ('e2212f54-fa93-5335-80aa-26d442381e8e',300000,'Wave','scolarite','IPMD00025','Acompte sur scolarité  Master 2','2025-12-01','Import Zoho');
insert into public.payments (student_id,amount,method,kind,reference,label,paid_at,observation) values ('e2212f54-fa93-5335-80aa-26d442381e8e',300000,'Wave','inscription','IPMD00026','Inscription Master 2','2026-02-09','Import Zoho');

insert into public.student_finance (student_id,registration_fee,tuition_due,discount_rate,level,program,academic_year,total_due,access_state,updated_at) values ('5f16bece-f67a-514f-8e93-ba3845994696',300000,2422500,0,'Master 2','Développement d’Applications','2025-2026',2722500,'actif',now()) on conflict (student_id) do update set registration_fee=excluded.registration_fee,tuition_due=excluded.tuition_due,level=excluded.level,program=excluded.program,total_due=excluded.total_due,access_state=excluded.access_state;
delete from public.payments where student_id='5f16bece-f67a-514f-8e93-ba3845994696' and observation='Import Zoho';
insert into public.payments (student_id,amount,method,kind,reference,label,paid_at,observation) values ('5f16bece-f67a-514f-8e93-ba3845994696',300000,'Versement AFG','inscription','IPMD0001','Inscription Master 2','2025-10-10','Import Zoho');
insert into public.payments (student_id,amount,method,kind,reference,label,paid_at,observation) values ('5f16bece-f67a-514f-8e93-ba3845994696',2422500,'Versement AFG','scolarite','IPMD0002','Solde Scolarité','2025-10-10','Import Zoho');

insert into public.student_finance (student_id,registration_fee,tuition_due,discount_rate,level,program,academic_year,total_due,access_state,updated_at) values ('eba77e23-bfa3-5a0b-9204-458f135cca3e',300000,0,0,'Master 2','Marketing digital','2025-2026',300000,'pause',now()) on conflict (student_id) do update set registration_fee=excluded.registration_fee,tuition_due=excluded.tuition_due,level=excluded.level,program=excluded.program,total_due=excluded.total_due,access_state=excluded.access_state;
delete from public.payments where student_id='eba77e23-bfa3-5a0b-9204-458f135cca3e' and observation='Import Zoho';

insert into public.student_finance (student_id,registration_fee,tuition_due,discount_rate,level,program,academic_year,total_due,access_state,updated_at) values ('8cdb27aa-efb7-586f-bc87-aa4867cb38fb',300000,2550000,0,'Licence 3','Graphisme & Design','2025-2026',2850000,'actif',now()) on conflict (student_id) do update set registration_fee=excluded.registration_fee,tuition_due=excluded.tuition_due,level=excluded.level,program=excluded.program,total_due=excluded.total_due,access_state=excluded.access_state;
delete from public.payments where student_id='8cdb27aa-efb7-586f-bc87-aa4867cb38fb' and observation='Import Zoho';
insert into public.payments (student_id,amount,method,kind,reference,label,paid_at,observation) values ('8cdb27aa-efb7-586f-bc87-aa4867cb38fb',300000,'Espèces','inscription','IPMD0006','Inscription Licence 2','2025-10-28','Import Zoho');

insert into public.student_finance (student_id,registration_fee,tuition_due,discount_rate,level,program,academic_year,total_due,access_state,updated_at) values ('c9f540f0-19bc-5949-9096-46c2d81a426e',300000,2167500,0,'Licence 3','Marketing digital','2025-2026',2467500,'actif',now()) on conflict (student_id) do update set registration_fee=excluded.registration_fee,tuition_due=excluded.tuition_due,level=excluded.level,program=excluded.program,total_due=excluded.total_due,access_state=excluded.access_state;
delete from public.payments where student_id='c9f540f0-19bc-5949-9096-46c2d81a426e' and observation='Import Zoho';
insert into public.payments (student_id,amount,method,kind,reference,label,paid_at,observation) values ('c9f540f0-19bc-5949-9096-46c2d81a426e',400000,'Espèces','inscription','IPMD00044','Inscription Licence 3','2026-03-24','Import Zoho');

insert into public.student_finance (student_id,registration_fee,tuition_due,discount_rate,level,program,academic_year,total_due,access_state,updated_at) values ('e8de414a-4713-5bf8-9207-47a170c1a8e5',300000,2550000,0,'Licence 3','Marketing digital','2025-2026',2850000,'actif',now()) on conflict (student_id) do update set registration_fee=excluded.registration_fee,tuition_due=excluded.tuition_due,level=excluded.level,program=excluded.program,total_due=excluded.total_due,access_state=excluded.access_state;
delete from public.payments where student_id='e8de414a-4713-5bf8-9207-47a170c1a8e5' and observation='Import Zoho';
insert into public.payments (student_id,amount,method,kind,reference,label,paid_at,observation) values ('e8de414a-4713-5bf8-9207-47a170c1a8e5',300000,'Wave','inscription','IPMD0007','Inscription Licence 3','2025-11-03','Import Zoho');
insert into public.payments (student_id,amount,method,kind,reference,label,paid_at,observation) values ('e8de414a-4713-5bf8-9207-47a170c1a8e5',92000,'Espèces','inscription','IPMD0008','Inscription Licence 2','2025-11-03','Import Zoho');
insert into public.payments (student_id,amount,method,kind,reference,label,paid_at,observation) values ('e8de414a-4713-5bf8-9207-47a170c1a8e5',382500,'Wave','scolarite','IPMD00038','Acompte sur scolarité  Licence 3','2026-01-13','Import Zoho');
insert into public.payments (student_id,amount,method,kind,reference,label,paid_at,observation) values ('e8de414a-4713-5bf8-9207-47a170c1a8e5',382500,'Wave','scolarite','IPMD00039','Acompte sur scolarité  Licence 3','2026-03-02','Import Zoho');

insert into public.student_finance (student_id,registration_fee,tuition_due,discount_rate,level,program,academic_year,total_due,access_state,updated_at) values ('192d21b3-797d-5333-af90-f78a5c1e92a1',300000,2167500,0,'Licence 3','Informatique & Intelligence Artificielle','2025-2026',2467500,'actif',now()) on conflict (student_id) do update set registration_fee=excluded.registration_fee,tuition_due=excluded.tuition_due,level=excluded.level,program=excluded.program,total_due=excluded.total_due,access_state=excluded.access_state;
delete from public.payments where student_id='192d21b3-797d-5333-af90-f78a5c1e92a1' and observation='Import Zoho';
insert into public.payments (student_id,amount,method,kind,reference,label,paid_at,observation) values ('192d21b3-797d-5333-af90-f78a5c1e92a1',300000,'Espèces','inscription','IPMD0005','Inscription Licence 3','2025-10-17','Import Zoho');
insert into public.payments (student_id,amount,method,kind,reference,label,paid_at,observation) values ('192d21b3-797d-5333-af90-f78a5c1e92a1',667500,'Wave','scolarite','IPMD00029','Acompte sur scolarité  Licence 3','2026-02-10','Import Zoho');

insert into public.student_finance (student_id,registration_fee,tuition_due,discount_rate,level,program,academic_year,total_due,access_state,updated_at) values ('e05ded32-146c-5d6e-8890-a4e5b9064bc7',300000,1912500,0,'Licence 3','Graphisme & Design','2025-2026',2212500,'actif',now()) on conflict (student_id) do update set registration_fee=excluded.registration_fee,tuition_due=excluded.tuition_due,level=excluded.level,program=excluded.program,total_due=excluded.total_due,access_state=excluded.access_state;
delete from public.payments where student_id='e05ded32-146c-5d6e-8890-a4e5b9064bc7' and observation='Import Zoho';
insert into public.payments (student_id,amount,method,kind,reference,label,paid_at,observation) values ('e05ded32-146c-5d6e-8890-a4e5b9064bc7',300000,'Versement BACI','inscription','IPMD0012','Inscription Licence 3','2025-11-20','Import Zoho');
insert into public.payments (student_id,amount,method,kind,reference,label,paid_at,observation) values ('e05ded32-146c-5d6e-8890-a4e5b9064bc7',382600,'Espèces','scolarite','IPMD0013','Acompte sur scolarité  Licence 3','2025-12-10','Import Zoho');
insert into public.payments (student_id,amount,method,kind,reference,label,paid_at,observation) values ('e05ded32-146c-5d6e-8890-a4e5b9064bc7',500000,'Versement BACI','scolarite','IPMD00027','Acompte sur scolarité  Licence 3','2026-01-14','Import Zoho');
insert into public.payments (student_id,amount,method,kind,reference,label,paid_at,observation) values ('e05ded32-146c-5d6e-8890-a4e5b9064bc7',400000,'Versement BACI','scolarite','IPMD00028','Acompte sur scolarité  Licence 3','2026-02-04','Import Zoho');

insert into public.student_finance (student_id,registration_fee,tuition_due,discount_rate,level,program,academic_year,total_due,access_state,updated_at) values ('4fae95f8-7ba3-5e68-8f74-c62dc00410ec',300000,1850000,0,'Licence 2','Informatique & Intelligence Artificielle','2025-2026',2150000,'actif',now()) on conflict (student_id) do update set registration_fee=excluded.registration_fee,tuition_due=excluded.tuition_due,level=excluded.level,program=excluded.program,total_due=excluded.total_due,access_state=excluded.access_state;
delete from public.payments where student_id='4fae95f8-7ba3-5e68-8f74-c62dc00410ec' and observation='Import Zoho';
insert into public.payments (student_id,amount,method,kind,reference,label,paid_at,observation) values ('4fae95f8-7ba3-5e68-8f74-c62dc00410ec',300000,'Wave','inscription','IPMD00036','Inscription Licence 2','2026-02-24','Import Zoho');
insert into public.payments (student_id,amount,method,kind,reference,label,paid_at,observation) values ('4fae95f8-7ba3-5e68-8f74-c62dc00410ec',277500,'Wave','inscription','IPMD00037','Inscription Licence 2','2026-02-24','Import Zoho');

insert into public.student_finance (student_id,registration_fee,tuition_due,discount_rate,level,program,academic_year,total_due,access_state,updated_at) values ('967426d5-7b10-56a2-bafe-1c2ad2af7803',300000,1572500,0,'Licence 2','Marketing digital','2025-2026',1872500,'actif',now()) on conflict (student_id) do update set registration_fee=excluded.registration_fee,tuition_due=excluded.tuition_due,level=excluded.level,program=excluded.program,total_due=excluded.total_due,access_state=excluded.access_state;
delete from public.payments where student_id='967426d5-7b10-56a2-bafe-1c2ad2af7803' and observation='Import Zoho';
insert into public.payments (student_id,amount,method,kind,reference,label,paid_at,observation) values ('967426d5-7b10-56a2-bafe-1c2ad2af7803',300000,'Orange Money','inscription','IPMD0003','Inscription Licence 2','2025-10-14','Import Zoho');
insert into public.payments (student_id,amount,method,kind,reference,label,paid_at,observation) values ('967426d5-7b10-56a2-bafe-1c2ad2af7803',200000,'Espèces','scolarite','IPMD00031','Acompte sur scolarité  Licence 2','2026-02-16','Import Zoho');
insert into public.payments (student_id,amount,method,kind,reference,label,paid_at,observation) values ('967426d5-7b10-56a2-bafe-1c2ad2af7803',200000,'Espèces','scolarite','IPMD00032','Acompte sur scolarité  Licence 2','2026-02-16','Import Zoho');

insert into public.student_finance (student_id,registration_fee,tuition_due,discount_rate,level,program,academic_year,total_due,access_state,updated_at) values ('e3df824b-0276-5765-a91e-78f490bb4739',300000,1850000,0,'Licence 2','Développement d’Applications','2025-2026',2150000,'actif',now()) on conflict (student_id) do update set registration_fee=excluded.registration_fee,tuition_due=excluded.tuition_due,level=excluded.level,program=excluded.program,total_due=excluded.total_due,access_state=excluded.access_state;
delete from public.payments where student_id='e3df824b-0276-5765-a91e-78f490bb4739' and observation='Import Zoho';
insert into public.payments (student_id,amount,method,kind,reference,label,paid_at,observation) values ('e3df824b-0276-5765-a91e-78f490bb4739',300000,'Wave','inscription','IPMD0010','Inscription Licence 2','2025-11-07','Import Zoho');
insert into public.payments (student_id,amount,method,kind,reference,label,paid_at,observation) values ('e3df824b-0276-5765-a91e-78f490bb4739',185000,'Espèces','scolarite','IPMD0011','Acompte sur scolarité – 1er versement','2025-11-07','Import Zoho');
insert into public.payments (student_id,amount,method,kind,reference,label,paid_at,observation) values ('e3df824b-0276-5765-a91e-78f490bb4739',150000,'Espèces','scolarite','IPMD00030','Acompte sur scolarité  Licence 2','2026-02-16','Import Zoho');

insert into public.student_finance (student_id,registration_fee,tuition_due,discount_rate,level,program,academic_year,total_due,access_state,updated_at) values ('c0768705-0fc5-5a17-97b4-c01fd49e4f4e',300000,4670000,0,'Master Pro Unique Intensif (M1 + M2)','Management de projet digital','2025-2026',4970000,'actif',now()) on conflict (student_id) do update set registration_fee=excluded.registration_fee,tuition_due=excluded.tuition_due,level=excluded.level,program=excluded.program,total_due=excluded.total_due,access_state=excluded.access_state;
delete from public.payments where student_id='c0768705-0fc5-5a17-97b4-c01fd49e4f4e' and observation='Import Zoho';
insert into public.payments (student_id,amount,method,kind,reference,label,paid_at,observation) values ('c0768705-0fc5-5a17-97b4-c01fd49e4f4e',550000,'Espèces','inscription','IPMD0001','Inscription Master Pro. Unique Intensif (1&2)','2025-02-24','Import Zoho');
insert into public.payments (student_id,amount,method,kind,reference,label,paid_at,observation) values ('c0768705-0fc5-5a17-97b4-c01fd49e4f4e',1072500,'Espèces','scolarite','IPMD0002','Acompte scolarité Master Pro. Unique Intensif (1&2)','2025-08-14','Import Zoho');
insert into public.payments (student_id,amount,method,kind,reference,label,paid_at,observation) values ('c0768705-0fc5-5a17-97b4-c01fd49e4f4e',100000,'Wave','scolarite','IPMD0003','Acompte scolarité Master Pro. Unique Intensif (1&2)','2025-12-31','Import Zoho');
insert into public.payments (student_id,amount,method,kind,reference,label,paid_at,observation) values ('c0768705-0fc5-5a17-97b4-c01fd49e4f4e',200000,'Wave','scolarite','IPMD0004','Acompte scolarité Master Pro. Unique Intensif (1&2)','2026-02-11','Import Zoho');
insert into public.payments (student_id,amount,method,kind,reference,label,paid_at,observation) values ('c0768705-0fc5-5a17-97b4-c01fd49e4f4e',100000,'Espèces','scolarite','IPMD0005','Acompte scolarité Master Pro. Unique Intensif (1&2)','2026-03-18','Import Zoho');

insert into public.student_finance (student_id,registration_fee,tuition_due,discount_rate,level,program,academic_year,total_due,access_state,updated_at) values ('a2f82306-9754-5483-b77a-c54a1fb8d194',300000,2167500,0,'Licence 3','Graphisme & Design','2025-2026',2467500,'pause',now()) on conflict (student_id) do update set registration_fee=excluded.registration_fee,tuition_due=excluded.tuition_due,level=excluded.level,program=excluded.program,total_due=excluded.total_due,access_state=excluded.access_state;
delete from public.payments where student_id='a2f82306-9754-5483-b77a-c54a1fb8d194' and observation='Import Zoho';
insert into public.payments (student_id,amount,method,kind,reference,label,paid_at,observation) values ('a2f82306-9754-5483-b77a-c54a1fb8d194',300000,'Espèces','scolarite','IPMD00020','Acompte sur scolarité  Licence 3','2026-01-05','Import Zoho');
insert into public.payments (student_id,amount,method,kind,reference,label,paid_at,observation) values ('a2f82306-9754-5483-b77a-c54a1fb8d194',1000000,'Espèces','scolarite','IPMD00021','Acompte sur scolarité  Licence 3','2026-01-05','Import Zoho');
insert into public.payments (student_id,amount,method,kind,reference,label,paid_at,observation) values ('a2f82306-9754-5483-b77a-c54a1fb8d194',1000000,'Espèces','scolarite','IPMD00040','Acompte sur scolarité  Licence 3','2026-04-10','Import Zoho');

insert into public.student_finance (student_id,registration_fee,tuition_due,discount_rate,level,program,academic_year,total_due,access_state,updated_at) values ('4a4a3840-77ee-555c-957c-047bafa3f327',300000,1850000,0,'Licence 2','Marketing digital','2025-2026',2150000,'actif',now()) on conflict (student_id) do update set registration_fee=excluded.registration_fee,tuition_due=excluded.tuition_due,level=excluded.level,program=excluded.program,total_due=excluded.total_due,access_state=excluded.access_state;
delete from public.payments where student_id='4a4a3840-77ee-555c-957c-047bafa3f327' and observation='Import Zoho';
insert into public.payments (student_id,amount,method,kind,reference,label,paid_at,observation) values ('4a4a3840-77ee-555c-957c-047bafa3f327',300000,'Wave','inscription','IPMD00022','Inscription Licence 2','2026-01-26','Import Zoho');

insert into public.student_finance (student_id,registration_fee,tuition_due,discount_rate,level,program,academic_year,total_due,access_state,updated_at) values ('2663c22e-06f7-51af-a1d4-3426e95b12d1',300000,1850000,0,'Licence 2','Marketing digital','2025-2026',2150000,'actif',now()) on conflict (student_id) do update set registration_fee=excluded.registration_fee,tuition_due=excluded.tuition_due,level=excluded.level,program=excluded.program,total_due=excluded.total_due,access_state=excluded.access_state;
delete from public.payments where student_id='2663c22e-06f7-51af-a1d4-3426e95b12d1' and observation='Import Zoho';
insert into public.payments (student_id,amount,method,kind,reference,label,paid_at,observation) values ('2663c22e-06f7-51af-a1d4-3426e95b12d1',300000,'Chèque','inscription','IPMD00023','Inscription Licence 2','2026-01-26','Import Zoho');

insert into public.student_finance (student_id,registration_fee,tuition_due,discount_rate,level,program,academic_year,total_due,access_state,updated_at) values ('9b898faf-96c0-589a-8793-887a381d5061',300000,1850000,0,'Licence 1','Marketing digital','2025-2026',2150000,'actif',now()) on conflict (student_id) do update set registration_fee=excluded.registration_fee,tuition_due=excluded.tuition_due,level=excluded.level,program=excluded.program,total_due=excluded.total_due,access_state=excluded.access_state;
delete from public.payments where student_id='9b898faf-96c0-589a-8793-887a381d5061' and observation='Import Zoho';
insert into public.payments (student_id,amount,method,kind,reference,label,paid_at,observation) values ('9b898faf-96c0-589a-8793-887a381d5061',300000,'Wave','inscription','IPMD00033','Inscription Licence 1','2026-02-14','Import Zoho');

insert into public.student_finance (student_id,registration_fee,tuition_due,discount_rate,level,program,academic_year,total_due,access_state,updated_at) values ('0229a373-f863-5c1a-b785-5c9ab44b856a',300000,1850000,0,'Licence 1','Informatique & Intelligence Artificielle','2025-2026',2150000,'actif',now()) on conflict (student_id) do update set registration_fee=excluded.registration_fee,tuition_due=excluded.tuition_due,level=excluded.level,program=excluded.program,total_due=excluded.total_due,access_state=excluded.access_state;
delete from public.payments where student_id='0229a373-f863-5c1a-b785-5c9ab44b856a' and observation='Import Zoho';
insert into public.payments (student_id,amount,method,kind,reference,label,paid_at,observation) values ('0229a373-f863-5c1a-b785-5c9ab44b856a',300000,'Chèque','inscription','IPMD00034','Inscription Licence 1','2026-02-13','Import Zoho');
insert into public.payments (student_id,amount,method,kind,reference,label,paid_at,observation) values ('0229a373-f863-5c1a-b785-5c9ab44b856a',1550000,'Chèque','scolarite','IPMD00035','Acompte sur scolarité  Licence 1','2026-02-13','Import Zoho');

insert into public.student_finance (student_id,registration_fee,tuition_due,discount_rate,level,program,academic_year,total_due,access_state,updated_at) values ('e66e1d62-088a-5859-a491-6a2af1839da3',300000,1850000,0,'Licence 1','Comptabilité & Finance digitale','2025-2026',2150000,'actif',now()) on conflict (student_id) do update set registration_fee=excluded.registration_fee,tuition_due=excluded.tuition_due,level=excluded.level,program=excluded.program,total_due=excluded.total_due,access_state=excluded.access_state;
delete from public.payments where student_id='e66e1d62-088a-5859-a491-6a2af1839da3' and observation='Import Zoho';
insert into public.payments (student_id,amount,method,kind,reference,label,paid_at,observation) values ('e66e1d62-088a-5859-a491-6a2af1839da3',300000,'Versement BACI','inscription','IPMD00041','Inscription Licence 1','2026-02-10','Import Zoho');
insert into public.payments (student_id,amount,method,kind,reference,label,paid_at,observation) values ('e66e1d62-088a-5859-a491-6a2af1839da3',50000,'Espèces','scolarite','IPMD00042','Acompte sur scolarité  Licence 1','2026-02-10','Import Zoho');
insert into public.payments (student_id,amount,method,kind,reference,label,paid_at,observation) values ('e66e1d62-088a-5859-a491-6a2af1839da3',450000,'Espèces','scolarite','IPMD00043','Acompte sur scolarité  Licence 1','2026-05-09','Import Zoho');

insert into public.student_finance (student_id,registration_fee,tuition_due,discount_rate,level,program,academic_year,total_due,access_state,updated_at) values ('90a88e91-401e-5f58-a3fc-a4f55d9530c9',300000,275250,0,'Master Pro Unique Intensif (M1 + M2)','Informatique & Intelligence Artificielle','2025-2026',575250,'pause',now()) on conflict (student_id) do update set registration_fee=excluded.registration_fee,tuition_due=excluded.tuition_due,level=excluded.level,program=excluded.program,total_due=excluded.total_due,access_state=excluded.access_state;
delete from public.payments where student_id='90a88e91-401e-5f58-a3fc-a4f55d9530c9' and observation='Import Zoho';
insert into public.payments (student_id,amount,method,kind,reference,label,paid_at,observation) values ('90a88e91-401e-5f58-a3fc-a4f55d9530c9',150000,'Espèces','scolarite','IPMD0006','Acompte 1er versement : ECOSYSTEM BOOTCAMP','2025-11-19','Import Zoho');
insert into public.payments (student_id,amount,method,kind,reference,label,paid_at,observation) values ('90a88e91-401e-5f58-a3fc-a4f55d9530c9',300000,'Espèces','scolarite','IPMD0007','Acompte 2e versement : ECOSYSTEM BOOTCAMP','2026-03-27','Import Zoho');

-- ETUDIANTS SANS EMAIL (a completer) :
--   ASSOGBA ISRAEL ANDY DUFRENE
--   BA Amadou
--   TAHE Clarck Emmanuel Jean Levy
--   KOFFI Aya Sarah Eunice
--   HAÏDARA Yann David Mustapha
--   DEGBE Couéssan Béni Samuel Esli
--   SILUE Kolo Abraham
--   ADOU Sheick Ibraheem
--   NACOUBAN COULIBALY Marie Rose Adèle
--   SOHO Iris Sylvia
--   KOSSONOU PRAOH LAURAINNE ELODIE